-- PASO 1: INSERTAR ESTUDIANTES
INSERT INTO estudiantes (codigo_estudiantil, numero_documento, nombres, apellidos, carrera, facultad, estrato, huella_hash, estado_beneficio, fecha_registro, dias_beneficio) VALUES ('1035470', '7770130652', 'Pedro', 'Martinez', 'Ingeniería de Sistemas', 'Facultad de Ingeniería', 1, 'hash_1035470', true, '2026-07-04 17:29:20+00', ARRAY['Lunes', 'Miércoles']::text[]) ON CONFLICT (codigo_estudiantil) DO NOTHING;
INSERT INTO estudiantes (codigo_estudiantil, numero_documento, nombres, apellidos, carrera, facultad, estrato, huella_hash, estado_beneficio, fecha_registro, dias_beneficio) VALUES ('1035869', '2240488292', 'Pedro', 'Lopez', 'Ingeniería de Sistemas', 'Facultad de Ingeniería', 2, 'hash_1035869', true, '2026-06-26 17:29:20+00', ARRAY['Lunes', 'Miércoles']::text[]) ON CONFLICT (codigo_estudiantil) DO NOTHING;
INSERT INTO estudiantes (codigo_estudiantil, numero_documento, nombres, apellidos, carrera, facultad, estrato, huella_hash, estado_beneficio, fecha_registro, dias_beneficio) VALUES ('1035116', '6111990014', 'Juan', 'Rodriguez', 'Ingeniería de Sistemas', 'Facultad de Ingeniería', 2, 'hash_1035116', true, '2026-06-27 17:29:20+00', ARRAY['Lunes', 'Miércoles']::text[]) ON CONFLICT (codigo_estudiantil) DO NOTHING;
INSERT INTO estudiantes (codigo_estudiantil, numero_documento, nombres, apellidos, carrera, facultad, estrato, huella_hash, estado_beneficio, fecha_registro, dias_beneficio) VALUES ('1035530', '3095051699', 'Elena', 'Perez', 'Ingeniería de Sistemas', 'Facultad de Ingeniería', 2, 'hash_1035530', true, '2026-07-07 17:29:20+00', ARRAY['Lunes', 'Miércoles']::text[]) ON CONFLICT (codigo_estudiantil) DO NOTHING;
INSERT INTO estudiantes (codigo_estudiantil, numero_documento, nombres, apellidos, carrera, facultad, estrato, huella_hash, estado_beneficio, fecha_registro, dias_beneficio) VALUES ('1035691', '7652006931', 'Luis', 'Martinez', 'Ingeniería de Sistemas', 'Facultad de Ingeniería', 2, 'hash_1035691', true, '2026-07-05 17:29:20+00', ARRAY['Lunes', 'Miércoles']::text[]) ON CONFLICT (codigo_estudiantil) DO NOTHING;
INSERT INTO estudiantes (codigo_estudiantil, numero_documento, nombres, apellidos, carrera, facultad, estrato, huella_hash, estado_beneficio, fecha_registro, dias_beneficio) VALUES ('1035197', '2480997332', 'Camila', 'Hernandez', 'Ingeniería de Sistemas', 'Facultad de Ingeniería', 2, 'hash_1035197', true, '2026-07-03 17:29:20+00', ARRAY['Lunes', 'Miércoles']::text[]) ON CONFLICT (codigo_estudiantil) DO NOTHING;
INSERT INTO estudiantes (codigo_estudiantil, numero_documento, nombres, apellidos, carrera, facultad, estrato, huella_hash, estado_beneficio, fecha_registro, dias_beneficio) VALUES ('1035484', '7836876844', 'Jorge', 'Rodriguez', 'Ingeniería de Sistemas', 'Facultad de Ingeniería', 1, 'hash_1035484', true, '2026-07-01 17:29:20+00', ARRAY['Lunes', 'Miércoles']::text[]) ON CONFLICT (codigo_estudiantil) DO NOTHING;
INSERT INTO estudiantes (codigo_estudiantil, numero_documento, nombres, apellidos, carrera, facultad, estrato, huella_hash, estado_beneficio, fecha_registro, dias_beneficio) VALUES ('1035486', '4832583546', 'Ana', 'Hernandez', 'Ingeniería de Sistemas', 'Facultad de Ingeniería', 2, 'hash_1035486', true, '2026-07-19 17:29:20+00', ARRAY['Lunes', 'Miércoles']::text[]) ON CONFLICT (codigo_estudiantil) DO NOTHING;
INSERT INTO estudiantes (codigo_estudiantil, numero_documento, nombres, apellidos, carrera, facultad, estrato, huella_hash, estado_beneficio, fecha_registro, dias_beneficio) VALUES ('1035350', '8030572231', 'Andres', 'Torres', 'Ingeniería de Sistemas', 'Facultad de Ingeniería', 1, 'hash_1035350', true, '2026-06-28 17:29:20+00', ARRAY['Lunes', 'Miércoles']::text[]) ON CONFLICT (codigo_estudiantil) DO NOTHING;
INSERT INTO estudiantes (codigo_estudiantil, numero_documento, nombres, apellidos, carrera, facultad, estrato, huella_hash, estado_beneficio, fecha_registro, dias_beneficio) VALUES ('1035677', '7984402617', 'Elena', 'Torres', 'Ingeniería de Sistemas', 'Facultad de Ingeniería', 4, 'hash_1035677', true, '2026-07-16 17:29:20+00', ARRAY['Lunes', 'Miércoles']::text[]) ON CONFLICT (codigo_estudiantil) DO NOTHING;
INSERT INTO estudiantes (codigo_estudiantil, numero_documento, nombres, apellidos, carrera, facultad, estrato, huella_hash, estado_beneficio, fecha_registro, dias_beneficio) VALUES ('1035567', '7559380207', 'Luis', 'Perez', 'Ingeniería de Sistemas', 'Facultad de Ingeniería', 1, 'hash_1035567', true, '2026-06-29 17:29:20+00', ARRAY['Lunes', 'Miércoles']::text[]) ON CONFLICT (codigo_estudiantil) DO NOTHING;
INSERT INTO estudiantes (codigo_estudiantil, numero_documento, nombres, apellidos, carrera, facultad, estrato, huella_hash, estado_beneficio, fecha_registro, dias_beneficio) VALUES ('1035732', '7070435516', 'Camila', 'Hernandez', 'Ingeniería de Sistemas', 'Facultad de Ingeniería', 3, 'hash_1035732', true, '2026-06-25 17:29:20+00', ARRAY['Lunes', 'Miércoles']::text[]) ON CONFLICT (codigo_estudiantil) DO NOTHING;
INSERT INTO estudiantes (codigo_estudiantil, numero_documento, nombres, apellidos, carrera, facultad, estrato, huella_hash, estado_beneficio, fecha_registro, dias_beneficio) VALUES ('1035331', '9818542777', 'Pedro', 'Lopez', 'Ingeniería de Sistemas', 'Facultad de Ingeniería', 1, 'hash_1035331', true, '2026-06-20 17:29:20+00', ARRAY['Lunes', 'Miércoles']::text[]) ON CONFLICT (codigo_estudiantil) DO NOTHING;
INSERT INTO estudiantes (codigo_estudiantil, numero_documento, nombres, apellidos, carrera, facultad, estrato, huella_hash, estado_beneficio, fecha_registro, dias_beneficio) VALUES ('1035624', '4227611641', 'Juan', 'Rodriguez', 'Ingeniería de Sistemas', 'Facultad de Ingeniería', 3, 'hash_1035624', true, '2026-07-07 17:29:20+00', ARRAY['Lunes', 'Miércoles']::text[]) ON CONFLICT (codigo_estudiantil) DO NOTHING;
INSERT INTO estudiantes (codigo_estudiantil, numero_documento, nombres, apellidos, carrera, facultad, estrato, huella_hash, estado_beneficio, fecha_registro, dias_beneficio) VALUES ('1035280', '4628604111', 'Jorge', 'Martinez', 'Ingeniería de Sistemas', 'Facultad de Ingeniería', 3, 'hash_1035280', true, '2026-06-23 17:29:20+00', ARRAY['Lunes', 'Miércoles']::text[]) ON CONFLICT (codigo_estudiantil) DO NOTHING;
INSERT INTO estudiantes (codigo_estudiantil, numero_documento, nombres, apellidos, carrera, facultad, estrato, huella_hash, estado_beneficio, fecha_registro, dias_beneficio) VALUES ('1035947', '5677578435', 'Luis', 'Rodriguez', 'Ingeniería de Sistemas', 'Facultad de Ingeniería', 1, 'hash_1035947', true, '2026-07-14 17:29:20+00', ARRAY['Lunes', 'Miércoles']::text[]) ON CONFLICT (codigo_estudiantil) DO NOTHING;
INSERT INTO estudiantes (codigo_estudiantil, numero_documento, nombres, apellidos, carrera, facultad, estrato, huella_hash, estado_beneficio, fecha_registro, dias_beneficio) VALUES ('1035254', '8557411732', 'Ana', 'Diaz', 'Ingeniería de Sistemas', 'Facultad de Ingeniería', 1, 'hash_1035254', true, '2026-07-19 17:29:20+00', ARRAY['Lunes', 'Miércoles']::text[]) ON CONFLICT (codigo_estudiantil) DO NOTHING;
INSERT INTO estudiantes (codigo_estudiantil, numero_documento, nombres, apellidos, carrera, facultad, estrato, huella_hash, estado_beneficio, fecha_registro, dias_beneficio) VALUES ('1035525', '3107391361', 'Pedro', 'Perez', 'Ingeniería de Sistemas', 'Facultad de Ingeniería', 4, 'hash_1035525', true, '2026-07-09 17:29:20+00', ARRAY['Lunes', 'Miércoles']::text[]) ON CONFLICT (codigo_estudiantil) DO NOTHING;
INSERT INTO estudiantes (codigo_estudiantil, numero_documento, nombres, apellidos, carrera, facultad, estrato, huella_hash, estado_beneficio, fecha_registro, dias_beneficio) VALUES ('1035641', '9598493791', 'Pedro', 'Martinez', 'Ingeniería de Sistemas', 'Facultad de Ingeniería', 2, 'hash_1035641', true, '2026-07-13 17:29:20+00', ARRAY['Lunes', 'Miércoles']::text[]) ON CONFLICT (codigo_estudiantil) DO NOTHING;
INSERT INTO estudiantes (codigo_estudiantil, numero_documento, nombres, apellidos, carrera, facultad, estrato, huella_hash, estado_beneficio, fecha_registro, dias_beneficio) VALUES ('1035992', '2749034957', 'Sofia', 'Diaz', 'Ingeniería de Sistemas', 'Facultad de Ingeniería', 3, 'hash_1035992', true, '2026-07-08 17:29:20+00', ARRAY['Lunes', 'Miércoles']::text[]) ON CONFLICT (codigo_estudiantil) DO NOTHING;
INSERT INTO estudiantes (codigo_estudiantil, numero_documento, nombres, apellidos, carrera, facultad, estrato, huella_hash, estado_beneficio, fecha_registro, dias_beneficio) VALUES ('1035175', '9339099823', 'Lucia', 'Lopez', 'Ingeniería de Sistemas', 'Facultad de Ingeniería', 3, 'hash_1035175', true, '2026-06-25 17:29:20+00', ARRAY['Lunes', 'Miércoles']::text[]) ON CONFLICT (codigo_estudiantil) DO NOTHING;
INSERT INTO estudiantes (codigo_estudiantil, numero_documento, nombres, apellidos, carrera, facultad, estrato, huella_hash, estado_beneficio, fecha_registro, dias_beneficio) VALUES ('1035313', '4909915217', 'Maria', 'Torres', 'Ingeniería de Sistemas', 'Facultad de Ingeniería', 4, 'hash_1035313', true, '2026-07-18 17:29:20+00', ARRAY['Lunes', 'Miércoles']::text[]) ON CONFLICT (codigo_estudiantil) DO NOTHING;
INSERT INTO estudiantes (codigo_estudiantil, numero_documento, nombres, apellidos, carrera, facultad, estrato, huella_hash, estado_beneficio, fecha_registro, dias_beneficio) VALUES ('1035898', '9499135461', 'Pedro', 'Diaz', 'Ingeniería de Sistemas', 'Facultad de Ingeniería', 1, 'hash_1035898', true, '2026-06-30 17:29:20+00', ARRAY['Lunes', 'Miércoles']::text[]) ON CONFLICT (codigo_estudiantil) DO NOTHING;
INSERT INTO estudiantes (codigo_estudiantil, numero_documento, nombres, apellidos, carrera, facultad, estrato, huella_hash, estado_beneficio, fecha_registro, dias_beneficio) VALUES ('1035443', '7890474785', 'Lucia', 'Diaz', 'Ingeniería de Sistemas', 'Facultad de Ingeniería', 4, 'hash_1035443', true, '2026-07-05 17:29:20+00', ARRAY['Lunes', 'Miércoles']::text[]) ON CONFLICT (codigo_estudiantil) DO NOTHING;
INSERT INTO estudiantes (codigo_estudiantil, numero_documento, nombres, apellidos, carrera, facultad, estrato, huella_hash, estado_beneficio, fecha_registro, dias_beneficio) VALUES ('1035952', '1596805449', 'Juan', 'Perez', 'Ingeniería de Sistemas', 'Facultad de Ingeniería', 4, 'hash_1035952', true, '2026-07-13 17:29:20+00', ARRAY['Lunes', 'Miércoles']::text[]) ON CONFLICT (codigo_estudiantil) DO NOTHING;
INSERT INTO estudiantes (codigo_estudiantil, numero_documento, nombres, apellidos, carrera, facultad, estrato, huella_hash, estado_beneficio, fecha_registro, dias_beneficio) VALUES ('1035319', '3604250610', 'Juan', 'Gomez', 'Ingeniería de Sistemas', 'Facultad de Ingeniería', 4, 'hash_1035319', true, '2026-06-25 17:29:20+00', ARRAY['Lunes', 'Miércoles']::text[]) ON CONFLICT (codigo_estudiantil) DO NOTHING;
INSERT INTO estudiantes (codigo_estudiantil, numero_documento, nombres, apellidos, carrera, facultad, estrato, huella_hash, estado_beneficio, fecha_registro, dias_beneficio) VALUES ('1035238', '9241181669', 'Juan', 'Gomez', 'Ingeniería de Sistemas', 'Facultad de Ingeniería', 4, 'hash_1035238', true, '2026-07-10 17:29:20+00', ARRAY['Lunes', 'Miércoles']::text[]) ON CONFLICT (codigo_estudiantil) DO NOTHING;
INSERT INTO estudiantes (codigo_estudiantil, numero_documento, nombres, apellidos, carrera, facultad, estrato, huella_hash, estado_beneficio, fecha_registro, dias_beneficio) VALUES ('1035739', '7863377022', 'Sofia', 'Gomez', 'Ingeniería de Sistemas', 'Facultad de Ingeniería', 1, 'hash_1035739', true, '2026-06-27 17:29:20+00', ARRAY['Lunes', 'Miércoles']::text[]) ON CONFLICT (codigo_estudiantil) DO NOTHING;
INSERT INTO estudiantes (codigo_estudiantil, numero_documento, nombres, apellidos, carrera, facultad, estrato, huella_hash, estado_beneficio, fecha_registro, dias_beneficio) VALUES ('1035882', '6389317283', 'Maria', 'Diaz', 'Ingeniería de Sistemas', 'Facultad de Ingeniería', 3, 'hash_1035882', true, '2026-06-22 17:29:20+00', ARRAY['Lunes', 'Miércoles']::text[]) ON CONFLICT (codigo_estudiantil) DO NOTHING;
INSERT INTO estudiantes (codigo_estudiantil, numero_documento, nombres, apellidos, carrera, facultad, estrato, huella_hash, estado_beneficio, fecha_registro, dias_beneficio) VALUES ('1035657', '1313778235', 'Ana', 'Hernandez', 'Ingeniería de Sistemas', 'Facultad de Ingeniería', 2, 'hash_1035657', true, '2026-06-22 17:29:20+00', ARRAY['Lunes', 'Miércoles']::text[]) ON CONFLICT (codigo_estudiantil) DO NOTHING;
INSERT INTO estudiantes (codigo_estudiantil, numero_documento, nombres, apellidos, carrera, facultad, estrato, huella_hash, estado_beneficio, fecha_registro, dias_beneficio) VALUES ('1035228', '7963247838', 'Carlos', 'Martinez', 'Ingeniería de Sistemas', 'Facultad de Ingeniería', 2, 'hash_1035228', true, '2026-06-22 17:29:20+00', ARRAY['Lunes', 'Miércoles']::text[]) ON CONFLICT (codigo_estudiantil) DO NOTHING;
INSERT INTO estudiantes (codigo_estudiantil, numero_documento, nombres, apellidos, carrera, facultad, estrato, huella_hash, estado_beneficio, fecha_registro, dias_beneficio) VALUES ('1035409', '5150396118', 'Sofia', 'Martinez', 'Ingeniería de Sistemas', 'Facultad de Ingeniería', 4, 'hash_1035409', true, '2026-06-27 17:29:20+00', ARRAY['Lunes', 'Miércoles']::text[]) ON CONFLICT (codigo_estudiantil) DO NOTHING;
INSERT INTO estudiantes (codigo_estudiantil, numero_documento, nombres, apellidos, carrera, facultad, estrato, huella_hash, estado_beneficio, fecha_registro, dias_beneficio) VALUES ('1035181', '6395788727', 'Camila', 'Perez', 'Ingeniería de Sistemas', 'Facultad de Ingeniería', 4, 'hash_1035181', true, '2026-07-01 17:29:20+00', ARRAY['Lunes', 'Miércoles']::text[]) ON CONFLICT (codigo_estudiantil) DO NOTHING;
INSERT INTO estudiantes (codigo_estudiantil, numero_documento, nombres, apellidos, carrera, facultad, estrato, huella_hash, estado_beneficio, fecha_registro, dias_beneficio) VALUES ('1035501', '5199609768', 'Elena', 'Perez', 'Ingeniería de Sistemas', 'Facultad de Ingeniería', 1, 'hash_1035501', true, '2026-06-23 17:29:20+00', ARRAY['Lunes', 'Miércoles']::text[]) ON CONFLICT (codigo_estudiantil) DO NOTHING;
INSERT INTO estudiantes (codigo_estudiantil, numero_documento, nombres, apellidos, carrera, facultad, estrato, huella_hash, estado_beneficio, fecha_registro, dias_beneficio) VALUES ('1035808', '7062557480', 'Luis', 'Perez', 'Ingeniería de Sistemas', 'Facultad de Ingeniería', 3, 'hash_1035808', true, '2026-06-23 17:29:20+00', ARRAY['Lunes', 'Miércoles']::text[]) ON CONFLICT (codigo_estudiantil) DO NOTHING;
INSERT INTO estudiantes (codigo_estudiantil, numero_documento, nombres, apellidos, carrera, facultad, estrato, huella_hash, estado_beneficio, fecha_registro, dias_beneficio) VALUES ('1035488', '5751073050', 'Sofia', 'Torres', 'Ingeniería de Sistemas', 'Facultad de Ingeniería', 2, 'hash_1035488', true, '2026-07-03 17:29:20+00', ARRAY['Lunes', 'Miércoles']::text[]) ON CONFLICT (codigo_estudiantil) DO NOTHING;
INSERT INTO estudiantes (codigo_estudiantil, numero_documento, nombres, apellidos, carrera, facultad, estrato, huella_hash, estado_beneficio, fecha_registro, dias_beneficio) VALUES ('1035141', '6563416491', 'Juan', 'Perez', 'Ingeniería de Sistemas', 'Facultad de Ingeniería', 4, 'hash_1035141', true, '2026-07-17 17:29:20+00', ARRAY['Lunes', 'Miércoles']::text[]) ON CONFLICT (codigo_estudiantil) DO NOTHING;
INSERT INTO estudiantes (codigo_estudiantil, numero_documento, nombres, apellidos, carrera, facultad, estrato, huella_hash, estado_beneficio, fecha_registro, dias_beneficio) VALUES ('1035937', '4215940688', 'Elena', 'Lopez', 'Ingeniería de Sistemas', 'Facultad de Ingeniería', 4, 'hash_1035937', true, '2026-06-22 17:29:20+00', ARRAY['Lunes', 'Miércoles']::text[]) ON CONFLICT (codigo_estudiantil) DO NOTHING;
INSERT INTO estudiantes (codigo_estudiantil, numero_documento, nombres, apellidos, carrera, facultad, estrato, huella_hash, estado_beneficio, fecha_registro, dias_beneficio) VALUES ('1035707', '6259597623', 'Elena', 'Rodriguez', 'Ingeniería de Sistemas', 'Facultad de Ingeniería', 3, 'hash_1035707', true, '2026-06-28 17:29:20+00', ARRAY['Lunes', 'Miércoles']::text[]) ON CONFLICT (codigo_estudiantil) DO NOTHING;
INSERT INTO estudiantes (codigo_estudiantil, numero_documento, nombres, apellidos, carrera, facultad, estrato, huella_hash, estado_beneficio, fecha_registro, dias_beneficio) VALUES ('1035130', '3976278634', 'Pedro', 'Perez', 'Ingeniería de Sistemas', 'Facultad de Ingeniería', 4, 'hash_1035130', true, '2026-06-24 17:29:20+00', ARRAY['Lunes', 'Miércoles']::text[]) ON CONFLICT (codigo_estudiantil) DO NOTHING;
INSERT INTO estudiantes (codigo_estudiantil, numero_documento, nombres, apellidos, carrera, facultad, estrato, huella_hash, estado_beneficio, fecha_registro, dias_beneficio) VALUES ('1035558', '4046318837', 'Elena', 'Gomez', 'Ingeniería de Sistemas', 'Facultad de Ingeniería', 2, 'hash_1035558', true, '2026-06-24 17:29:20+00', ARRAY['Lunes', 'Miércoles']::text[]) ON CONFLICT (codigo_estudiantil) DO NOTHING;
INSERT INTO estudiantes (codigo_estudiantil, numero_documento, nombres, apellidos, carrera, facultad, estrato, huella_hash, estado_beneficio, fecha_registro, dias_beneficio) VALUES ('1035433', '7744569098', 'Pedro', 'Martinez', 'Ingeniería de Sistemas', 'Facultad de Ingeniería', 4, 'hash_1035433', true, '2026-06-27 17:29:20+00', ARRAY['Lunes', 'Miércoles']::text[]) ON CONFLICT (codigo_estudiantil) DO NOTHING;
INSERT INTO estudiantes (codigo_estudiantil, numero_documento, nombres, apellidos, carrera, facultad, estrato, huella_hash, estado_beneficio, fecha_registro, dias_beneficio) VALUES ('1035288', '6057448986', 'Ana', 'Gomez', 'Ingeniería de Sistemas', 'Facultad de Ingeniería', 1, 'hash_1035288', true, '2026-07-17 17:29:20+00', ARRAY['Lunes', 'Miércoles']::text[]) ON CONFLICT (codigo_estudiantil) DO NOTHING;
INSERT INTO estudiantes (codigo_estudiantil, numero_documento, nombres, apellidos, carrera, facultad, estrato, huella_hash, estado_beneficio, fecha_registro, dias_beneficio) VALUES ('1035283', '8897963276', 'Carlos', 'Diaz', 'Ingeniería de Sistemas', 'Facultad de Ingeniería', 1, 'hash_1035283', true, '2026-07-10 17:29:20+00', ARRAY['Lunes', 'Miércoles']::text[]) ON CONFLICT (codigo_estudiantil) DO NOTHING;
INSERT INTO estudiantes (codigo_estudiantil, numero_documento, nombres, apellidos, carrera, facultad, estrato, huella_hash, estado_beneficio, fecha_registro, dias_beneficio) VALUES ('1035185', '3364161253', 'Lucia', 'Gomez', 'Ingeniería de Sistemas', 'Facultad de Ingeniería', 1, 'hash_1035185', true, '2026-07-11 17:29:20+00', ARRAY['Lunes', 'Miércoles']::text[]) ON CONFLICT (codigo_estudiantil) DO NOTHING;
INSERT INTO estudiantes (codigo_estudiantil, numero_documento, nombres, apellidos, carrera, facultad, estrato, huella_hash, estado_beneficio, fecha_registro, dias_beneficio) VALUES ('1035418', '8866829158', 'Elena', 'Martinez', 'Ingeniería de Sistemas', 'Facultad de Ingeniería', 2, 'hash_1035418', true, '2026-07-07 17:29:20+00', ARRAY['Lunes', 'Miércoles']::text[]) ON CONFLICT (codigo_estudiantil) DO NOTHING;
INSERT INTO estudiantes (codigo_estudiantil, numero_documento, nombres, apellidos, carrera, facultad, estrato, huella_hash, estado_beneficio, fecha_registro, dias_beneficio) VALUES ('1035239', '6935290825', 'Andres', 'Martinez', 'Ingeniería de Sistemas', 'Facultad de Ingeniería', 4, 'hash_1035239', true, '2026-07-17 17:29:20+00', ARRAY['Lunes', 'Miércoles']::text[]) ON CONFLICT (codigo_estudiantil) DO NOTHING;
INSERT INTO estudiantes (codigo_estudiantil, numero_documento, nombres, apellidos, carrera, facultad, estrato, huella_hash, estado_beneficio, fecha_registro, dias_beneficio) VALUES ('1035229', '7423859492', 'Carlos', 'Lopez', 'Ingeniería de Sistemas', 'Facultad de Ingeniería', 4, 'hash_1035229', true, '2026-06-29 17:29:20+00', ARRAY['Lunes', 'Miércoles']::text[]) ON CONFLICT (codigo_estudiantil) DO NOTHING;
INSERT INTO estudiantes (codigo_estudiantil, numero_documento, nombres, apellidos, carrera, facultad, estrato, huella_hash, estado_beneficio, fecha_registro, dias_beneficio) VALUES ('1035949', '4153261890', 'Jorge', 'Martinez', 'Ingeniería de Sistemas', 'Facultad de Ingeniería', 4, 'hash_1035949', true, '2026-07-20 17:29:20+00', ARRAY['Lunes', 'Miércoles']::text[]) ON CONFLICT (codigo_estudiantil) DO NOTHING;
INSERT INTO estudiantes (codigo_estudiantil, numero_documento, nombres, apellidos, carrera, facultad, estrato, huella_hash, estado_beneficio, fecha_registro, dias_beneficio) VALUES ('1035373', '1660866473', 'Jorge', 'Gomez', 'Ingeniería de Sistemas', 'Facultad de Ingeniería', 1, 'hash_1035373', true, '2026-07-05 17:29:20+00', ARRAY['Lunes', 'Miércoles']::text[]) ON CONFLICT (codigo_estudiantil) DO NOTHING;
INSERT INTO estudiantes (codigo_estudiantil, numero_documento, nombres, apellidos, carrera, facultad, estrato, huella_hash, estado_beneficio, fecha_registro, dias_beneficio) VALUES ('1035218', '9593667086', 'Pedro', 'Hernandez', 'Ingeniería de Sistemas', 'Facultad de Ingeniería', 1, 'hash_1035218', true, '2026-07-19 17:29:20+00', ARRAY['Lunes', 'Miércoles']::text[]) ON CONFLICT (codigo_estudiantil) DO NOTHING;
INSERT INTO estudiantes (codigo_estudiantil, numero_documento, nombres, apellidos, carrera, facultad, estrato, huella_hash, estado_beneficio, fecha_registro, dias_beneficio) VALUES ('1035674', '3036820188', 'Elena', 'Gomez', 'Ingeniería de Sistemas', 'Facultad de Ingeniería', 4, 'hash_1035674', true, '2026-07-12 17:29:20+00', ARRAY['Lunes', 'Miércoles']::text[]) ON CONFLICT (codigo_estudiantil) DO NOTHING;
INSERT INTO estudiantes (codigo_estudiantil, numero_documento, nombres, apellidos, carrera, facultad, estrato, huella_hash, estado_beneficio, fecha_registro, dias_beneficio) VALUES ('1035634', '6286617907', 'Lucia', 'Gomez', 'Ingeniería de Sistemas', 'Facultad de Ingeniería', 1, 'hash_1035634', true, '2026-07-08 17:29:20+00', ARRAY['Lunes', 'Miércoles']::text[]) ON CONFLICT (codigo_estudiantil) DO NOTHING;
INSERT INTO estudiantes (codigo_estudiantil, numero_documento, nombres, apellidos, carrera, facultad, estrato, huella_hash, estado_beneficio, fecha_registro, dias_beneficio) VALUES ('1035697', '8090732394', 'Andres', 'Perez', 'Ingeniería de Sistemas', 'Facultad de Ingeniería', 1, 'hash_1035697', true, '2026-06-26 17:29:20+00', ARRAY['Lunes', 'Miércoles']::text[]) ON CONFLICT (codigo_estudiantil) DO NOTHING;
INSERT INTO estudiantes (codigo_estudiantil, numero_documento, nombres, apellidos, carrera, facultad, estrato, huella_hash, estado_beneficio, fecha_registro, dias_beneficio) VALUES ('1035216', '6004589079', 'Juan', 'Rodriguez', 'Ingeniería de Sistemas', 'Facultad de Ingeniería', 2, 'hash_1035216', true, '2026-07-05 17:29:20+00', ARRAY['Lunes', 'Miércoles']::text[]) ON CONFLICT (codigo_estudiantil) DO NOTHING;
INSERT INTO estudiantes (codigo_estudiantil, numero_documento, nombres, apellidos, carrera, facultad, estrato, huella_hash, estado_beneficio, fecha_registro, dias_beneficio) VALUES ('1035689', '3622797485', 'Lucia', 'Martinez', 'Ingeniería de Sistemas', 'Facultad de Ingeniería', 3, 'hash_1035689', true, '2026-06-20 17:29:20+00', ARRAY['Lunes', 'Miércoles']::text[]) ON CONFLICT (codigo_estudiantil) DO NOTHING;
INSERT INTO estudiantes (codigo_estudiantil, numero_documento, nombres, apellidos, carrera, facultad, estrato, huella_hash, estado_beneficio, fecha_registro, dias_beneficio) VALUES ('1035309', '7527100084', 'Jorge', 'Rodriguez', 'Ingeniería de Sistemas', 'Facultad de Ingeniería', 3, 'hash_1035309', true, '2026-06-29 17:29:20+00', ARRAY['Lunes', 'Miércoles']::text[]) ON CONFLICT (codigo_estudiantil) DO NOTHING;
INSERT INTO estudiantes (codigo_estudiantil, numero_documento, nombres, apellidos, carrera, facultad, estrato, huella_hash, estado_beneficio, fecha_registro, dias_beneficio) VALUES ('1035186', '3722314172', 'Pedro', 'Martinez', 'Ingeniería de Sistemas', 'Facultad de Ingeniería', 1, 'hash_1035186', true, '2026-06-23 17:29:20+00', ARRAY['Lunes', 'Miércoles']::text[]) ON CONFLICT (codigo_estudiantil) DO NOTHING;
INSERT INTO estudiantes (codigo_estudiantil, numero_documento, nombres, apellidos, carrera, facultad, estrato, huella_hash, estado_beneficio, fecha_registro, dias_beneficio) VALUES ('1035243', '2063568683', 'Andres', 'Gomez', 'Ingeniería de Sistemas', 'Facultad de Ingeniería', 4, 'hash_1035243', true, '2026-07-02 17:29:20+00', ARRAY['Lunes', 'Miércoles']::text[]) ON CONFLICT (codigo_estudiantil) DO NOTHING;
INSERT INTO estudiantes (codigo_estudiantil, numero_documento, nombres, apellidos, carrera, facultad, estrato, huella_hash, estado_beneficio, fecha_registro, dias_beneficio) VALUES ('1035569', '4679977431', 'Juan', 'Perez', 'Ingeniería de Sistemas', 'Facultad de Ingeniería', 4, 'hash_1035569', true, '2026-07-13 17:29:20+00', ARRAY['Lunes', 'Miércoles']::text[]) ON CONFLICT (codigo_estudiantil) DO NOTHING;
INSERT INTO estudiantes (codigo_estudiantil, numero_documento, nombres, apellidos, carrera, facultad, estrato, huella_hash, estado_beneficio, fecha_registro, dias_beneficio) VALUES ('1035651', '6021914085', 'Juan', 'Martinez', 'Ingeniería de Sistemas', 'Facultad de Ingeniería', 3, 'hash_1035651', true, '2026-07-03 17:29:20+00', ARRAY['Lunes', 'Miércoles']::text[]) ON CONFLICT (codigo_estudiantil) DO NOTHING;
INSERT INTO estudiantes (codigo_estudiantil, numero_documento, nombres, apellidos, carrera, facultad, estrato, huella_hash, estado_beneficio, fecha_registro, dias_beneficio) VALUES ('1035645', '1108452821', 'Luis', 'Perez', 'Ingeniería de Sistemas', 'Facultad de Ingeniería', 2, 'hash_1035645', true, '2026-07-11 17:29:20+00', ARRAY['Lunes', 'Miércoles']::text[]) ON CONFLICT (codigo_estudiantil) DO NOTHING;
INSERT INTO estudiantes (codigo_estudiantil, numero_documento, nombres, apellidos, carrera, facultad, estrato, huella_hash, estado_beneficio, fecha_registro, dias_beneficio) VALUES ('1035475', '6690050794', 'Juan', 'Gomez', 'Ingeniería de Sistemas', 'Facultad de Ingeniería', 1, 'hash_1035475', true, '2026-07-02 17:29:20+00', ARRAY['Lunes', 'Miércoles']::text[]) ON CONFLICT (codigo_estudiantil) DO NOTHING;
INSERT INTO estudiantes (codigo_estudiantil, numero_documento, nombres, apellidos, carrera, facultad, estrato, huella_hash, estado_beneficio, fecha_registro, dias_beneficio) VALUES ('1035702', '3002519262', 'Camila', 'Martinez', 'Ingeniería de Sistemas', 'Facultad de Ingeniería', 4, 'hash_1035702', true, '2026-06-27 17:29:20+00', ARRAY['Lunes', 'Miércoles']::text[]) ON CONFLICT (codigo_estudiantil) DO NOTHING;
INSERT INTO estudiantes (codigo_estudiantil, numero_documento, nombres, apellidos, carrera, facultad, estrato, huella_hash, estado_beneficio, fecha_registro, dias_beneficio) VALUES ('1035886', '2120924855', 'Andres', 'Diaz', 'Ingeniería de Sistemas', 'Facultad de Ingeniería', 1, 'hash_1035886', true, '2026-07-09 17:29:20+00', ARRAY['Lunes', 'Miércoles']::text[]) ON CONFLICT (codigo_estudiantil) DO NOTHING;
INSERT INTO estudiantes (codigo_estudiantil, numero_documento, nombres, apellidos, carrera, facultad, estrato, huella_hash, estado_beneficio, fecha_registro, dias_beneficio) VALUES ('1035637', '2602253235', 'Maria', 'Diaz', 'Ingeniería de Sistemas', 'Facultad de Ingeniería', 4, 'hash_1035637', true, '2026-06-27 17:29:20+00', ARRAY['Lunes', 'Miércoles']::text[]) ON CONFLICT (codigo_estudiantil) DO NOTHING;
INSERT INTO estudiantes (codigo_estudiantil, numero_documento, nombres, apellidos, carrera, facultad, estrato, huella_hash, estado_beneficio, fecha_registro, dias_beneficio) VALUES ('1035852', '9848786884', 'Maria', 'Perez', 'Ingeniería de Sistemas', 'Facultad de Ingeniería', 3, 'hash_1035852', true, '2026-07-01 17:29:20+00', ARRAY['Lunes', 'Miércoles']::text[]) ON CONFLICT (codigo_estudiantil) DO NOTHING;
INSERT INTO estudiantes (codigo_estudiantil, numero_documento, nombres, apellidos, carrera, facultad, estrato, huella_hash, estado_beneficio, fecha_registro, dias_beneficio) VALUES ('1035875', '9452053224', 'Juan', 'Perez', 'Ingeniería de Sistemas', 'Facultad de Ingeniería', 2, 'hash_1035875', true, '2026-07-20 17:29:20+00', ARRAY['Lunes', 'Miércoles']::text[]) ON CONFLICT (codigo_estudiantil) DO NOTHING;
INSERT INTO estudiantes (codigo_estudiantil, numero_documento, nombres, apellidos, carrera, facultad, estrato, huella_hash, estado_beneficio, fecha_registro, dias_beneficio) VALUES ('1035493', '5260396004', 'Jorge', 'Rodriguez', 'Ingeniería de Sistemas', 'Facultad de Ingeniería', 3, 'hash_1035493', true, '2026-06-30 17:29:20+00', ARRAY['Lunes', 'Miércoles']::text[]) ON CONFLICT (codigo_estudiantil) DO NOTHING;
INSERT INTO estudiantes (codigo_estudiantil, numero_documento, nombres, apellidos, carrera, facultad, estrato, huella_hash, estado_beneficio, fecha_registro, dias_beneficio) VALUES ('1035580', '6113937857', 'Maria', 'Rodriguez', 'Ingeniería de Sistemas', 'Facultad de Ingeniería', 3, 'hash_1035580', true, '2026-06-20 17:29:20+00', ARRAY['Lunes', 'Miércoles']::text[]) ON CONFLICT (codigo_estudiantil) DO NOTHING;
INSERT INTO estudiantes (codigo_estudiantil, numero_documento, nombres, apellidos, carrera, facultad, estrato, huella_hash, estado_beneficio, fecha_registro, dias_beneficio) VALUES ('1035140', '8453067261', 'Maria', 'Perez', 'Ingeniería de Sistemas', 'Facultad de Ingeniería', 4, 'hash_1035140', true, '2026-07-02 17:29:20+00', ARRAY['Lunes', 'Miércoles']::text[]) ON CONFLICT (codigo_estudiantil) DO NOTHING;
INSERT INTO estudiantes (codigo_estudiantil, numero_documento, nombres, apellidos, carrera, facultad, estrato, huella_hash, estado_beneficio, fecha_registro, dias_beneficio) VALUES ('1035297', '5706087095', 'Pedro', 'Hernandez', 'Ingeniería de Sistemas', 'Facultad de Ingeniería', 3, 'hash_1035297', true, '2026-07-12 17:29:20+00', ARRAY['Lunes', 'Miércoles']::text[]) ON CONFLICT (codigo_estudiantil) DO NOTHING;
INSERT INTO estudiantes (codigo_estudiantil, numero_documento, nombres, apellidos, carrera, facultad, estrato, huella_hash, estado_beneficio, fecha_registro, dias_beneficio) VALUES ('1035818', '5321627571', 'Sofia', 'Martinez', 'Ingeniería de Sistemas', 'Facultad de Ingeniería', 4, 'hash_1035818', true, '2026-07-05 17:29:20+00', ARRAY['Lunes', 'Miércoles']::text[]) ON CONFLICT (codigo_estudiantil) DO NOTHING;
INSERT INTO estudiantes (codigo_estudiantil, numero_documento, nombres, apellidos, carrera, facultad, estrato, huella_hash, estado_beneficio, fecha_registro, dias_beneficio) VALUES ('1035294', '1948648388', 'Luis', 'Lopez', 'Ingeniería de Sistemas', 'Facultad de Ingeniería', 2, 'hash_1035294', true, '2026-07-17 17:29:20+00', ARRAY['Lunes', 'Miércoles']::text[]) ON CONFLICT (codigo_estudiantil) DO NOTHING;
INSERT INTO estudiantes (codigo_estudiantil, numero_documento, nombres, apellidos, carrera, facultad, estrato, huella_hash, estado_beneficio, fecha_registro, dias_beneficio) VALUES ('1035771', '3279289062', 'Carlos', 'Martinez', 'Ingeniería de Sistemas', 'Facultad de Ingeniería', 4, 'hash_1035771', true, '2026-06-20 17:29:20+00', ARRAY['Lunes', 'Miércoles']::text[]) ON CONFLICT (codigo_estudiantil) DO NOTHING;
INSERT INTO estudiantes (codigo_estudiantil, numero_documento, nombres, apellidos, carrera, facultad, estrato, huella_hash, estado_beneficio, fecha_registro, dias_beneficio) VALUES ('1035942', '6549824006', 'Juan', 'Rodriguez', 'Ingeniería de Sistemas', 'Facultad de Ingeniería', 2, 'hash_1035942', true, '2026-07-02 17:29:20+00', ARRAY['Lunes', 'Miércoles']::text[]) ON CONFLICT (codigo_estudiantil) DO NOTHING;
INSERT INTO estudiantes (codigo_estudiantil, numero_documento, nombres, apellidos, carrera, facultad, estrato, huella_hash, estado_beneficio, fecha_registro, dias_beneficio) VALUES ('1035207', '7384043972', 'Elena', 'Rodriguez', 'Ingeniería de Sistemas', 'Facultad de Ingeniería', 1, 'hash_1035207', true, '2026-07-05 17:29:20+00', ARRAY['Lunes', 'Miércoles']::text[]) ON CONFLICT (codigo_estudiantil) DO NOTHING;
INSERT INTO estudiantes (codigo_estudiantil, numero_documento, nombres, apellidos, carrera, facultad, estrato, huella_hash, estado_beneficio, fecha_registro, dias_beneficio) VALUES ('1035139', '6484594717', 'Elena', 'Diaz', 'Ingeniería de Sistemas', 'Facultad de Ingeniería', 4, 'hash_1035139', true, '2026-07-09 17:29:20+00', ARRAY['Lunes', 'Miércoles']::text[]) ON CONFLICT (codigo_estudiantil) DO NOTHING;
INSERT INTO estudiantes (codigo_estudiantil, numero_documento, nombres, apellidos, carrera, facultad, estrato, huella_hash, estado_beneficio, fecha_registro, dias_beneficio) VALUES ('1035193', '1464678101', 'Luis', 'Gomez', 'Ingeniería de Sistemas', 'Facultad de Ingeniería', 2, 'hash_1035193', true, '2026-07-11 17:29:20+00', ARRAY['Lunes', 'Miércoles']::text[]) ON CONFLICT (codigo_estudiantil) DO NOTHING;
INSERT INTO estudiantes (codigo_estudiantil, numero_documento, nombres, apellidos, carrera, facultad, estrato, huella_hash, estado_beneficio, fecha_registro, dias_beneficio) VALUES ('1035921', '8705715921', 'Andres', 'Rodriguez', 'Ingeniería de Sistemas', 'Facultad de Ingeniería', 1, 'hash_1035921', true, '2026-07-02 17:29:20+00', ARRAY['Lunes', 'Miércoles']::text[]) ON CONFLICT (codigo_estudiantil) DO NOTHING;
INSERT INTO estudiantes (codigo_estudiantil, numero_documento, nombres, apellidos, carrera, facultad, estrato, huella_hash, estado_beneficio, fecha_registro, dias_beneficio) VALUES ('1035286', '4267808858', 'Sofia', 'Rodriguez', 'Ingeniería de Sistemas', 'Facultad de Ingeniería', 1, 'hash_1035286', true, '2026-07-07 17:29:20+00', ARRAY['Lunes', 'Miércoles']::text[]) ON CONFLICT (codigo_estudiantil) DO NOTHING;
INSERT INTO estudiantes (codigo_estudiantil, numero_documento, nombres, apellidos, carrera, facultad, estrato, huella_hash, estado_beneficio, fecha_registro, dias_beneficio) VALUES ('1035924', '4705118476', 'Elena', 'Rodriguez', 'Ingeniería de Sistemas', 'Facultad de Ingeniería', 4, 'hash_1035924', true, '2026-07-16 17:29:20+00', ARRAY['Lunes', 'Miércoles']::text[]) ON CONFLICT (codigo_estudiantil) DO NOTHING;
INSERT INTO estudiantes (codigo_estudiantil, numero_documento, nombres, apellidos, carrera, facultad, estrato, huella_hash, estado_beneficio, fecha_registro, dias_beneficio) VALUES ('1035745', '2938038532', 'Carlos', 'Diaz', 'Ingeniería de Sistemas', 'Facultad de Ingeniería', 3, 'hash_1035745', true, '2026-06-23 17:29:20+00', ARRAY['Lunes', 'Miércoles']::text[]) ON CONFLICT (codigo_estudiantil) DO NOTHING;
INSERT INTO estudiantes (codigo_estudiantil, numero_documento, nombres, apellidos, carrera, facultad, estrato, huella_hash, estado_beneficio, fecha_registro, dias_beneficio) VALUES ('1035301', '5588343765', 'Andres', 'Perez', 'Ingeniería de Sistemas', 'Facultad de Ingeniería', 3, 'hash_1035301', true, '2026-06-28 17:29:20+00', ARRAY['Lunes', 'Miércoles']::text[]) ON CONFLICT (codigo_estudiantil) DO NOTHING;
INSERT INTO estudiantes (codigo_estudiantil, numero_documento, nombres, apellidos, carrera, facultad, estrato, huella_hash, estado_beneficio, fecha_registro, dias_beneficio) VALUES ('1035543', '6907655832', 'Carlos', 'Diaz', 'Ingeniería de Sistemas', 'Facultad de Ingeniería', 1, 'hash_1035543', true, '2026-06-28 17:29:20+00', ARRAY['Lunes', 'Miércoles']::text[]) ON CONFLICT (codigo_estudiantil) DO NOTHING;
INSERT INTO estudiantes (codigo_estudiantil, numero_documento, nombres, apellidos, carrera, facultad, estrato, huella_hash, estado_beneficio, fecha_registro, dias_beneficio) VALUES ('1035706', '1887096956', 'Ana', 'Diaz', 'Ingeniería de Sistemas', 'Facultad de Ingeniería', 2, 'hash_1035706', true, '2026-07-16 17:29:20+00', ARRAY['Lunes', 'Miércoles']::text[]) ON CONFLICT (codigo_estudiantil) DO NOTHING;
INSERT INTO estudiantes (codigo_estudiantil, numero_documento, nombres, apellidos, carrera, facultad, estrato, huella_hash, estado_beneficio, fecha_registro, dias_beneficio) VALUES ('1035621', '5031241625', 'Ana', 'Martinez', 'Ingeniería de Sistemas', 'Facultad de Ingeniería', 1, 'hash_1035621', true, '2026-07-03 17:29:20+00', ARRAY['Lunes', 'Miércoles']::text[]) ON CONFLICT (codigo_estudiantil) DO NOTHING;
INSERT INTO estudiantes (codigo_estudiantil, numero_documento, nombres, apellidos, carrera, facultad, estrato, huella_hash, estado_beneficio, fecha_registro, dias_beneficio) VALUES ('1035927', '4761960121', 'Luis', 'Gomez', 'Ingeniería de Sistemas', 'Facultad de Ingeniería', 4, 'hash_1035927', true, '2026-07-17 17:29:20+00', ARRAY['Lunes', 'Miércoles']::text[]) ON CONFLICT (codigo_estudiantil) DO NOTHING;
INSERT INTO estudiantes (codigo_estudiantil, numero_documento, nombres, apellidos, carrera, facultad, estrato, huella_hash, estado_beneficio, fecha_registro, dias_beneficio) VALUES ('1035447', '4781617429', 'Jorge', 'Hernandez', 'Ingeniería de Sistemas', 'Facultad de Ingeniería', 3, 'hash_1035447', true, '2026-07-08 17:29:20+00', ARRAY['Lunes', 'Miércoles']::text[]) ON CONFLICT (codigo_estudiantil) DO NOTHING;
INSERT INTO estudiantes (codigo_estudiantil, numero_documento, nombres, apellidos, carrera, facultad, estrato, huella_hash, estado_beneficio, fecha_registro, dias_beneficio) VALUES ('1035597', '7862920448', 'Pedro', 'Torres', 'Ingeniería de Sistemas', 'Facultad de Ingeniería', 3, 'hash_1035597', true, '2026-07-18 17:29:20+00', ARRAY['Lunes', 'Miércoles']::text[]) ON CONFLICT (codigo_estudiantil) DO NOTHING;
INSERT INTO estudiantes (codigo_estudiantil, numero_documento, nombres, apellidos, carrera, facultad, estrato, huella_hash, estado_beneficio, fecha_registro, dias_beneficio) VALUES ('1035483', '6298021190', 'Carlos', 'Hernandez', 'Ingeniería de Sistemas', 'Facultad de Ingeniería', 1, 'hash_1035483', true, '2026-07-15 17:29:20+00', ARRAY['Lunes', 'Miércoles']::text[]) ON CONFLICT (codigo_estudiantil) DO NOTHING;
INSERT INTO estudiantes (codigo_estudiantil, numero_documento, nombres, apellidos, carrera, facultad, estrato, huella_hash, estado_beneficio, fecha_registro, dias_beneficio) VALUES ('1035541', '1871219303', 'Ana', 'Torres', 'Ingeniería de Sistemas', 'Facultad de Ingeniería', 3, 'hash_1035541', true, '2026-06-21 17:29:20+00', ARRAY['Lunes', 'Miércoles']::text[]) ON CONFLICT (codigo_estudiantil) DO NOTHING;
INSERT INTO estudiantes (codigo_estudiantil, numero_documento, nombres, apellidos, carrera, facultad, estrato, huella_hash, estado_beneficio, fecha_registro, dias_beneficio) VALUES ('1035518', '6479572790', 'Luis', 'Diaz', 'Ingeniería de Sistemas', 'Facultad de Ingeniería', 3, 'hash_1035518', true, '2026-07-10 17:29:20+00', ARRAY['Lunes', 'Miércoles']::text[]) ON CONFLICT (codigo_estudiantil) DO NOTHING;
INSERT INTO estudiantes (codigo_estudiantil, numero_documento, nombres, apellidos, carrera, facultad, estrato, huella_hash, estado_beneficio, fecha_registro, dias_beneficio) VALUES ('1035398', '6967698742', 'Lucia', 'Lopez', 'Ingeniería de Sistemas', 'Facultad de Ingeniería', 4, 'hash_1035398', true, '2026-07-03 17:29:20+00', ARRAY['Lunes', 'Miércoles']::text[]) ON CONFLICT (codigo_estudiantil) DO NOTHING;
INSERT INTO estudiantes (codigo_estudiantil, numero_documento, nombres, apellidos, carrera, facultad, estrato, huella_hash, estado_beneficio, fecha_registro, dias_beneficio) VALUES ('1035889', '9755364299', 'Lucia', 'Rodriguez', 'Ingeniería de Sistemas', 'Facultad de Ingeniería', 1, 'hash_1035889', true, '2026-07-06 17:29:20+00', ARRAY['Lunes', 'Miércoles']::text[]) ON CONFLICT (codigo_estudiantil) DO NOTHING;
INSERT INTO estudiantes (codigo_estudiantil, numero_documento, nombres, apellidos, carrera, facultad, estrato, huella_hash, estado_beneficio, fecha_registro, dias_beneficio) VALUES ('1035416', '9082999601', 'Lucia', 'Diaz', 'Ingeniería de Sistemas', 'Facultad de Ingeniería', 1, 'hash_1035416', true, '2026-07-14 17:29:20+00', ARRAY['Lunes', 'Miércoles']::text[]) ON CONFLICT (codigo_estudiantil) DO NOTHING;
INSERT INTO estudiantes (codigo_estudiantil, numero_documento, nombres, apellidos, carrera, facultad, estrato, huella_hash, estado_beneficio, fecha_registro, dias_beneficio) VALUES ('1035795', '6779868426', 'Juan', 'Hernandez', 'Ingeniería de Sistemas', 'Facultad de Ingeniería', 1, 'hash_1035795', true, '2026-06-25 17:29:20+00', ARRAY['Lunes', 'Miércoles']::text[]) ON CONFLICT (codigo_estudiantil) DO NOTHING;
INSERT INTO estudiantes (codigo_estudiantil, numero_documento, nombres, apellidos, carrera, facultad, estrato, huella_hash, estado_beneficio, fecha_registro, dias_beneficio) VALUES ('1035148', '8094061705', 'Carlos', 'Rodriguez', 'Ingeniería de Sistemas', 'Facultad de Ingeniería', 3, 'hash_1035148', true, '2026-07-10 17:29:20+00', ARRAY['Lunes', 'Miércoles']::text[]) ON CONFLICT (codigo_estudiantil) DO NOTHING;
INSERT INTO estudiantes (codigo_estudiantil, numero_documento, nombres, apellidos, carrera, facultad, estrato, huella_hash, estado_beneficio, fecha_registro, dias_beneficio) VALUES ('1035289', '2779048949', 'Sofia', 'Diaz', 'Ingeniería de Sistemas', 'Facultad de Ingeniería', 2, 'hash_1035289', true, '2026-07-06 17:29:20+00', ARRAY['Lunes', 'Miércoles']::text[]) ON CONFLICT (codigo_estudiantil) DO NOTHING;
INSERT INTO estudiantes (codigo_estudiantil, numero_documento, nombres, apellidos, carrera, facultad, estrato, huella_hash, estado_beneficio, fecha_registro, dias_beneficio) VALUES ('1035511', '1455835201', 'Maria', 'Diaz', 'Ingeniería de Sistemas', 'Facultad de Ingeniería', 3, 'hash_1035511', true, '2026-06-20 17:29:20+00', ARRAY['Lunes', 'Miércoles']::text[]) ON CONFLICT (codigo_estudiantil) DO NOTHING;
INSERT INTO estudiantes (codigo_estudiantil, numero_documento, nombres, apellidos, carrera, facultad, estrato, huella_hash, estado_beneficio, fecha_registro, dias_beneficio) VALUES ('1035718', '7217509863', 'Sofia', 'Rodriguez', 'Ingeniería de Sistemas', 'Facultad de Ingeniería', 4, 'hash_1035718', true, '2026-07-14 17:29:20+00', ARRAY['Lunes', 'Miércoles']::text[]) ON CONFLICT (codigo_estudiantil) DO NOTHING;
INSERT INTO estudiantes (codigo_estudiantil, numero_documento, nombres, apellidos, carrera, facultad, estrato, huella_hash, estado_beneficio, fecha_registro, dias_beneficio) VALUES ('1035152', '1184397526', 'Carlos', 'Martinez', 'Ingeniería de Sistemas', 'Facultad de Ingeniería', 3, 'hash_1035152', true, '2026-07-20 17:29:20+00', ARRAY['Lunes', 'Miércoles']::text[]) ON CONFLICT (codigo_estudiantil) DO NOTHING;
INSERT INTO estudiantes (codigo_estudiantil, numero_documento, nombres, apellidos, carrera, facultad, estrato, huella_hash, estado_beneficio, fecha_registro, dias_beneficio) VALUES ('1035970', '2396388991', 'Maria', 'Martinez', 'Ingeniería de Sistemas', 'Facultad de Ingeniería', 4, 'hash_1035970', true, '2026-07-03 17:29:20+00', ARRAY['Lunes', 'Miércoles']::text[]) ON CONFLICT (codigo_estudiantil) DO NOTHING;
INSERT INTO estudiantes (codigo_estudiantil, numero_documento, nombres, apellidos, carrera, facultad, estrato, huella_hash, estado_beneficio, fecha_registro, dias_beneficio) VALUES ('1035402', '6974095729', 'Sofia', 'Rodriguez', 'Ingeniería de Sistemas', 'Facultad de Ingeniería', 3, 'hash_1035402', true, '2026-06-23 17:29:20+00', ARRAY['Lunes', 'Miércoles']::text[]) ON CONFLICT (codigo_estudiantil) DO NOTHING;
INSERT INTO estudiantes (codigo_estudiantil, numero_documento, nombres, apellidos, carrera, facultad, estrato, huella_hash, estado_beneficio, fecha_registro, dias_beneficio) VALUES ('1035611', '6308274054', 'Jorge', 'Diaz', 'Ingeniería de Sistemas', 'Facultad de Ingeniería', 1, 'hash_1035611', true, '2026-07-12 17:29:20+00', ARRAY['Lunes', 'Miércoles']::text[]) ON CONFLICT (codigo_estudiantil) DO NOTHING;
INSERT INTO estudiantes (codigo_estudiantil, numero_documento, nombres, apellidos, carrera, facultad, estrato, huella_hash, estado_beneficio, fecha_registro, dias_beneficio) VALUES ('1035339', '2178486679', 'Ana', 'Torres', 'Ingeniería de Sistemas', 'Facultad de Ingeniería', 1, 'hash_1035339', true, '2026-06-28 17:29:20+00', ARRAY['Lunes', 'Miércoles']::text[]) ON CONFLICT (codigo_estudiantil) DO NOTHING;
INSERT INTO estudiantes (codigo_estudiantil, numero_documento, nombres, apellidos, carrera, facultad, estrato, huella_hash, estado_beneficio, fecha_registro, dias_beneficio) VALUES ('1035456', '1482789164', 'Ana', 'Rodriguez', 'Ingeniería de Sistemas', 'Facultad de Ingeniería', 2, 'hash_1035456', true, '2026-06-30 17:29:20+00', ARRAY['Lunes', 'Miércoles']::text[]) ON CONFLICT (codigo_estudiantil) DO NOTHING;
INSERT INTO estudiantes (codigo_estudiantil, numero_documento, nombres, apellidos, carrera, facultad, estrato, huella_hash, estado_beneficio, fecha_registro, dias_beneficio) VALUES ('1035890', '9697303264', 'Juan', 'Perez', 'Ingeniería de Sistemas', 'Facultad de Ingeniería', 4, 'hash_1035890', true, '2026-06-22 17:29:20+00', ARRAY['Lunes', 'Miércoles']::text[]) ON CONFLICT (codigo_estudiantil) DO NOTHING;
INSERT INTO estudiantes (codigo_estudiantil, numero_documento, nombres, apellidos, carrera, facultad, estrato, huella_hash, estado_beneficio, fecha_registro, dias_beneficio) VALUES ('1035962', '4276130973', 'Elena', 'Torres', 'Ingeniería de Sistemas', 'Facultad de Ingeniería', 1, 'hash_1035962', true, '2026-06-24 17:29:20+00', ARRAY['Lunes', 'Miércoles']::text[]) ON CONFLICT (codigo_estudiantil) DO NOTHING;
INSERT INTO estudiantes (codigo_estudiantil, numero_documento, nombres, apellidos, carrera, facultad, estrato, huella_hash, estado_beneficio, fecha_registro, dias_beneficio) VALUES ('1035367', '3400893898', 'Sofia', 'Torres', 'Ingeniería de Sistemas', 'Facultad de Ingeniería', 2, 'hash_1035367', true, '2026-06-22 17:29:20+00', ARRAY['Lunes', 'Miércoles']::text[]) ON CONFLICT (codigo_estudiantil) DO NOTHING;
INSERT INTO estudiantes (codigo_estudiantil, numero_documento, nombres, apellidos, carrera, facultad, estrato, huella_hash, estado_beneficio, fecha_registro, dias_beneficio) VALUES ('1035640', '7937806125', 'Pedro', 'Diaz', 'Ingeniería de Sistemas', 'Facultad de Ingeniería', 3, 'hash_1035640', true, '2026-07-06 17:29:20+00', ARRAY['Lunes', 'Miércoles']::text[]) ON CONFLICT (codigo_estudiantil) DO NOTHING;
INSERT INTO estudiantes (codigo_estudiantil, numero_documento, nombres, apellidos, carrera, facultad, estrato, huella_hash, estado_beneficio, fecha_registro, dias_beneficio) VALUES ('1035145', '6025003656', 'Camila', 'Perez', 'Ingeniería de Sistemas', 'Facultad de Ingeniería', 4, 'hash_1035145', true, '2026-07-15 17:29:20+00', ARRAY['Lunes', 'Miércoles']::text[]) ON CONFLICT (codigo_estudiantil) DO NOTHING;
INSERT INTO estudiantes (codigo_estudiantil, numero_documento, nombres, apellidos, carrera, facultad, estrato, huella_hash, estado_beneficio, fecha_registro, dias_beneficio) VALUES ('1035160', '9438104075', 'Jorge', 'Martinez', 'Ingeniería de Sistemas', 'Facultad de Ingeniería', 2, 'hash_1035160', true, '2026-07-15 17:29:20+00', ARRAY['Lunes', 'Miércoles']::text[]) ON CONFLICT (codigo_estudiantil) DO NOTHING;
INSERT INTO estudiantes (codigo_estudiantil, numero_documento, nombres, apellidos, carrera, facultad, estrato, huella_hash, estado_beneficio, fecha_registro, dias_beneficio) VALUES ('1035667', '1692464412', 'Jorge', 'Martinez', 'Ingeniería de Sistemas', 'Facultad de Ingeniería', 1, 'hash_1035667', true, '2026-06-28 17:29:20+00', ARRAY['Lunes', 'Miércoles']::text[]) ON CONFLICT (codigo_estudiantil) DO NOTHING;
INSERT INTO estudiantes (codigo_estudiantil, numero_documento, nombres, apellidos, carrera, facultad, estrato, huella_hash, estado_beneficio, fecha_registro, dias_beneficio) VALUES ('1035101', '6827426308', 'Andres', 'Perez', 'Ingeniería de Sistemas', 'Facultad de Ingeniería', 1, 'hash_1035101', true, '2026-06-28 17:29:20+00', ARRAY['Lunes', 'Miércoles']::text[]) ON CONFLICT (codigo_estudiantil) DO NOTHING;
INSERT INTO estudiantes (codigo_estudiantil, numero_documento, nombres, apellidos, carrera, facultad, estrato, huella_hash, estado_beneficio, fecha_registro, dias_beneficio) VALUES ('1035687', '2312223874', 'Elena', 'Rodriguez', 'Ingeniería de Sistemas', 'Facultad de Ingeniería', 3, 'hash_1035687', true, '2026-07-12 17:29:20+00', ARRAY['Lunes', 'Miércoles']::text[]) ON CONFLICT (codigo_estudiantil) DO NOTHING;
INSERT INTO estudiantes (codigo_estudiantil, numero_documento, nombres, apellidos, carrera, facultad, estrato, huella_hash, estado_beneficio, fecha_registro, dias_beneficio) VALUES ('1035669', '5211096146', 'Pedro', 'Gomez', 'Ingeniería de Sistemas', 'Facultad de Ingeniería', 2, 'hash_1035669', true, '2026-06-24 17:29:20+00', ARRAY['Lunes', 'Miércoles']::text[]) ON CONFLICT (codigo_estudiantil) DO NOTHING;
INSERT INTO estudiantes (codigo_estudiantil, numero_documento, nombres, apellidos, carrera, facultad, estrato, huella_hash, estado_beneficio, fecha_registro, dias_beneficio) VALUES ('1035911', '1669598899', 'Carlos', 'Lopez', 'Ingeniería de Sistemas', 'Facultad de Ingeniería', 1, 'hash_1035911', true, '2026-07-11 17:29:20+00', ARRAY['Lunes', 'Miércoles']::text[]) ON CONFLICT (codigo_estudiantil) DO NOTHING;
INSERT INTO estudiantes (codigo_estudiantil, numero_documento, nombres, apellidos, carrera, facultad, estrato, huella_hash, estado_beneficio, fecha_registro, dias_beneficio) VALUES ('1035648', '7048573669', 'Elena', 'Rodriguez', 'Ingeniería de Sistemas', 'Facultad de Ingeniería', 2, 'hash_1035648', true, '2026-07-11 17:29:20+00', ARRAY['Lunes', 'Miércoles']::text[]) ON CONFLICT (codigo_estudiantil) DO NOTHING;
INSERT INTO estudiantes (codigo_estudiantil, numero_documento, nombres, apellidos, carrera, facultad, estrato, huella_hash, estado_beneficio, fecha_registro, dias_beneficio) VALUES ('1035199', '5937634961', 'Andres', 'Hernandez', 'Ingeniería de Sistemas', 'Facultad de Ingeniería', 3, 'hash_1035199', true, '2026-06-30 17:29:20+00', ARRAY['Lunes', 'Miércoles']::text[]) ON CONFLICT (codigo_estudiantil) DO NOTHING;
INSERT INTO estudiantes (codigo_estudiantil, numero_documento, nombres, apellidos, carrera, facultad, estrato, huella_hash, estado_beneficio, fecha_registro, dias_beneficio) VALUES ('1035831', '6487371871', 'Juan', 'Diaz', 'Ingeniería de Sistemas', 'Facultad de Ingeniería', 1, 'hash_1035831', true, '2026-07-02 17:29:20+00', ARRAY['Lunes', 'Miércoles']::text[]) ON CONFLICT (codigo_estudiantil) DO NOTHING;
INSERT INTO estudiantes (codigo_estudiantil, numero_documento, nombres, apellidos, carrera, facultad, estrato, huella_hash, estado_beneficio, fecha_registro, dias_beneficio) VALUES ('1035226', '7072917554', 'Elena', 'Perez', 'Ingeniería de Sistemas', 'Facultad de Ingeniería', 3, 'hash_1035226', true, '2026-07-19 17:29:20+00', ARRAY['Lunes', 'Miércoles']::text[]) ON CONFLICT (codigo_estudiantil) DO NOTHING;
INSERT INTO estudiantes (codigo_estudiantil, numero_documento, nombres, apellidos, carrera, facultad, estrato, huella_hash, estado_beneficio, fecha_registro, dias_beneficio) VALUES ('1035598', '6127871432', 'Juan', 'Perez', 'Ingeniería de Sistemas', 'Facultad de Ingeniería', 2, 'hash_1035598', true, '2026-06-25 17:29:20+00', ARRAY['Lunes', 'Miércoles']::text[]) ON CONFLICT (codigo_estudiantil) DO NOTHING;
INSERT INTO estudiantes (codigo_estudiantil, numero_documento, nombres, apellidos, carrera, facultad, estrato, huella_hash, estado_beneficio, fecha_registro, dias_beneficio) VALUES ('1035230', '4741071884', 'Carlos', 'Martinez', 'Ingeniería de Sistemas', 'Facultad de Ingeniería', 1, 'hash_1035230', true, '2026-06-27 17:29:20+00', ARRAY['Lunes', 'Miércoles']::text[]) ON CONFLICT (codigo_estudiantil) DO NOTHING;
INSERT INTO estudiantes (codigo_estudiantil, numero_documento, nombres, apellidos, carrera, facultad, estrato, huella_hash, estado_beneficio, fecha_registro, dias_beneficio) VALUES ('1035529', '8669147350', 'Ana', 'Gomez', 'Ingeniería de Sistemas', 'Facultad de Ingeniería', 3, 'hash_1035529', true, '2026-06-23 17:29:20+00', ARRAY['Lunes', 'Miércoles']::text[]) ON CONFLICT (codigo_estudiantil) DO NOTHING;
INSERT INTO estudiantes (codigo_estudiantil, numero_documento, nombres, apellidos, carrera, facultad, estrato, huella_hash, estado_beneficio, fecha_registro, dias_beneficio) VALUES ('1035826', '6692426841', 'Camila', 'Diaz', 'Ingeniería de Sistemas', 'Facultad de Ingeniería', 2, 'hash_1035826', true, '2026-07-20 17:29:20+00', ARRAY['Lunes', 'Miércoles']::text[]) ON CONFLICT (codigo_estudiantil) DO NOTHING;
INSERT INTO estudiantes (codigo_estudiantil, numero_documento, nombres, apellidos, carrera, facultad, estrato, huella_hash, estado_beneficio, fecha_registro, dias_beneficio) VALUES ('1035155', '2304115821', 'Elena', 'Torres', 'Ingeniería de Sistemas', 'Facultad de Ingeniería', 4, 'hash_1035155', true, '2026-06-30 17:29:20+00', ARRAY['Lunes', 'Miércoles']::text[]) ON CONFLICT (codigo_estudiantil) DO NOTHING;
INSERT INTO estudiantes (codigo_estudiantil, numero_documento, nombres, apellidos, carrera, facultad, estrato, huella_hash, estado_beneficio, fecha_registro, dias_beneficio) VALUES ('1035479', '9329511334', 'Lucia', 'Rodriguez', 'Ingeniería de Sistemas', 'Facultad de Ingeniería', 4, 'hash_1035479', true, '2026-07-08 17:29:20+00', ARRAY['Lunes', 'Miércoles']::text[]) ON CONFLICT (codigo_estudiantil) DO NOTHING;
INSERT INTO estudiantes (codigo_estudiantil, numero_documento, nombres, apellidos, carrera, facultad, estrato, huella_hash, estado_beneficio, fecha_registro, dias_beneficio) VALUES ('1035776', '3240298339', 'Ana', 'Hernandez', 'Ingeniería de Sistemas', 'Facultad de Ingeniería', 2, 'hash_1035776', true, '2026-07-03 17:29:20+00', ARRAY['Lunes', 'Miércoles']::text[]) ON CONFLICT (codigo_estudiantil) DO NOTHING;
INSERT INTO estudiantes (codigo_estudiantil, numero_documento, nombres, apellidos, carrera, facultad, estrato, huella_hash, estado_beneficio, fecha_registro, dias_beneficio) VALUES ('1035469', '6340411484', 'Jorge', 'Gomez', 'Ingeniería de Sistemas', 'Facultad de Ingeniería', 4, 'hash_1035469', true, '2026-07-10 17:29:20+00', ARRAY['Lunes', 'Miércoles']::text[]) ON CONFLICT (codigo_estudiantil) DO NOTHING;
INSERT INTO estudiantes (codigo_estudiantil, numero_documento, nombres, apellidos, carrera, facultad, estrato, huella_hash, estado_beneficio, fecha_registro, dias_beneficio) VALUES ('1035799', '5128223773', 'Luis', 'Perez', 'Ingeniería de Sistemas', 'Facultad de Ingeniería', 4, 'hash_1035799', true, '2026-07-10 17:29:20+00', ARRAY['Lunes', 'Miércoles']::text[]) ON CONFLICT (codigo_estudiantil) DO NOTHING;
INSERT INTO estudiantes (codigo_estudiantil, numero_documento, nombres, apellidos, carrera, facultad, estrato, huella_hash, estado_beneficio, fecha_registro, dias_beneficio) VALUES ('1035147', '3823138690', 'Elena', 'Diaz', 'Ingeniería de Sistemas', 'Facultad de Ingeniería', 3, 'hash_1035147', true, '2026-06-27 17:29:20+00', ARRAY['Lunes', 'Miércoles']::text[]) ON CONFLICT (codigo_estudiantil) DO NOTHING;
INSERT INTO estudiantes (codigo_estudiantil, numero_documento, nombres, apellidos, carrera, facultad, estrato, huella_hash, estado_beneficio, fecha_registro, dias_beneficio) VALUES ('1035902', '4627625469', 'Camila', 'Perez', 'Ingeniería de Sistemas', 'Facultad de Ingeniería', 1, 'hash_1035902', true, '2026-06-28 17:29:20+00', ARRAY['Lunes', 'Miércoles']::text[]) ON CONFLICT (codigo_estudiantil) DO NOTHING;
INSERT INTO estudiantes (codigo_estudiantil, numero_documento, nombres, apellidos, carrera, facultad, estrato, huella_hash, estado_beneficio, fecha_registro, dias_beneficio) VALUES ('1035510', '6283764960', 'Luis', 'Lopez', 'Ingeniería de Sistemas', 'Facultad de Ingeniería', 3, 'hash_1035510', true, '2026-07-03 17:29:20+00', ARRAY['Lunes', 'Miércoles']::text[]) ON CONFLICT (codigo_estudiantil) DO NOTHING;
INSERT INTO estudiantes (codigo_estudiantil, numero_documento, nombres, apellidos, carrera, facultad, estrato, huella_hash, estado_beneficio, fecha_registro, dias_beneficio) VALUES ('1035864', '6189264917', 'Luis', 'Martinez', 'Ingeniería de Sistemas', 'Facultad de Ingeniería', 2, 'hash_1035864', true, '2026-07-02 17:29:20+00', ARRAY['Lunes', 'Miércoles']::text[]) ON CONFLICT (codigo_estudiantil) DO NOTHING;
INSERT INTO estudiantes (codigo_estudiantil, numero_documento, nombres, apellidos, carrera, facultad, estrato, huella_hash, estado_beneficio, fecha_registro, dias_beneficio) VALUES ('1035973', '8943975030', 'Lucia', 'Martinez', 'Ingeniería de Sistemas', 'Facultad de Ingeniería', 4, 'hash_1035973', true, '2026-06-24 17:29:20+00', ARRAY['Lunes', 'Miércoles']::text[]) ON CONFLICT (codigo_estudiantil) DO NOTHING;
INSERT INTO estudiantes (codigo_estudiantil, numero_documento, nombres, apellidos, carrera, facultad, estrato, huella_hash, estado_beneficio, fecha_registro, dias_beneficio) VALUES ('1035859', '6841844706', 'Lucia', 'Torres', 'Ingeniería de Sistemas', 'Facultad de Ingeniería', 3, 'hash_1035859', true, '2026-07-02 17:29:20+00', ARRAY['Lunes', 'Miércoles']::text[]) ON CONFLICT (codigo_estudiantil) DO NOTHING;
INSERT INTO estudiantes (codigo_estudiantil, numero_documento, nombres, apellidos, carrera, facultad, estrato, huella_hash, estado_beneficio, fecha_registro, dias_beneficio) VALUES ('1035945', '4373023166', 'Andres', 'Hernandez', 'Ingeniería de Sistemas', 'Facultad de Ingeniería', 4, 'hash_1035945', true, '2026-07-05 17:29:20+00', ARRAY['Lunes', 'Miércoles']::text[]) ON CONFLICT (codigo_estudiantil) DO NOTHING;
INSERT INTO estudiantes (codigo_estudiantil, numero_documento, nombres, apellidos, carrera, facultad, estrato, huella_hash, estado_beneficio, fecha_registro, dias_beneficio) VALUES ('1035814', '5628311649', 'Sofia', 'Lopez', 'Ingeniería de Sistemas', 'Facultad de Ingeniería', 2, 'hash_1035814', true, '2026-07-17 17:29:20+00', ARRAY['Lunes', 'Miércoles']::text[]) ON CONFLICT (codigo_estudiantil) DO NOTHING;
INSERT INTO estudiantes (codigo_estudiantil, numero_documento, nombres, apellidos, carrera, facultad, estrato, huella_hash, estado_beneficio, fecha_registro, dias_beneficio) VALUES ('1035514', '7061885289', 'Lucia', 'Perez', 'Ingeniería de Sistemas', 'Facultad de Ingeniería', 1, 'hash_1035514', true, '2026-07-15 17:29:20+00', ARRAY['Lunes', 'Miércoles']::text[]) ON CONFLICT (codigo_estudiantil) DO NOTHING;

-- PASO 2: INSERTAR ASISTENCIAS
INSERT INTO asistencias (codigo_estudiante, fecha_hora) VALUES ('1035470', '2026-07-18 17:29:20+00');
INSERT INTO asistencias (codigo_estudiante, fecha_hora) VALUES ('1035869', '2026-07-02 17:29:20+00');
INSERT INTO asistencias (codigo_estudiante, fecha_hora) VALUES ('1035116', '2026-07-06 17:29:20+00');
INSERT INTO asistencias (codigo_estudiante, fecha_hora) VALUES ('1035530', '2026-07-20 17:29:20+00');
INSERT INTO asistencias (codigo_estudiante, fecha_hora) VALUES ('1035691', '2026-07-01 17:29:20+00');
INSERT INTO asistencias (codigo_estudiante, fecha_hora) VALUES ('1035197', '2026-07-16 17:29:20+00');
INSERT INTO asistencias (codigo_estudiante, fecha_hora) VALUES ('1035484', '2026-07-09 17:29:20+00');
INSERT INTO asistencias (codigo_estudiante, fecha_hora) VALUES ('1035486', '2026-07-05 17:29:20+00');
INSERT INTO asistencias (codigo_estudiante, fecha_hora) VALUES ('1035350', '2026-07-06 17:29:20+00');
INSERT INTO asistencias (codigo_estudiante, fecha_hora) VALUES ('1035677', '2026-07-06 17:29:20+00');
INSERT INTO asistencias (codigo_estudiante, fecha_hora) VALUES ('1035567', '2026-07-12 17:29:20+00');
INSERT INTO asistencias (codigo_estudiante, fecha_hora) VALUES ('1035732', '2026-07-11 17:29:20+00');
INSERT INTO asistencias (codigo_estudiante, fecha_hora) VALUES ('1035331', '2026-06-24 17:29:20+00');
INSERT INTO asistencias (codigo_estudiante, fecha_hora) VALUES ('1035624', '2026-07-06 17:29:20+00');
INSERT INTO asistencias (codigo_estudiante, fecha_hora) VALUES ('1035280', '2026-07-07 17:29:20+00');
INSERT INTO asistencias (codigo_estudiante, fecha_hora) VALUES ('1035947', '2026-07-07 17:29:20+00');
INSERT INTO asistencias (codigo_estudiante, fecha_hora) VALUES ('1035254', '2026-06-29 17:29:20+00');
INSERT INTO asistencias (codigo_estudiante, fecha_hora) VALUES ('1035525', '2026-06-23 17:29:20+00');
INSERT INTO asistencias (codigo_estudiante, fecha_hora) VALUES ('1035641', '2026-06-26 17:29:20+00');
INSERT INTO asistencias (codigo_estudiante, fecha_hora) VALUES ('1035992', '2026-07-11 17:29:20+00');
INSERT INTO asistencias (codigo_estudiante, fecha_hora) VALUES ('1035175', '2026-06-26 17:29:20+00');
INSERT INTO asistencias (codigo_estudiante, fecha_hora) VALUES ('1035313', '2026-07-10 17:29:20+00');
INSERT INTO asistencias (codigo_estudiante, fecha_hora) VALUES ('1035898', '2026-07-12 17:29:20+00');
INSERT INTO asistencias (codigo_estudiante, fecha_hora) VALUES ('1035443', '2026-06-30 17:29:20+00');
INSERT INTO asistencias (codigo_estudiante, fecha_hora) VALUES ('1035952', '2026-07-17 17:29:20+00');
INSERT INTO asistencias (codigo_estudiante, fecha_hora) VALUES ('1035319', '2026-06-28 17:29:20+00');
INSERT INTO asistencias (codigo_estudiante, fecha_hora) VALUES ('1035238', '2026-06-20 17:29:20+00');
INSERT INTO asistencias (codigo_estudiante, fecha_hora) VALUES ('1035739', '2026-06-26 17:29:20+00');
INSERT INTO asistencias (codigo_estudiante, fecha_hora) VALUES ('1035882', '2026-07-07 17:29:20+00');
INSERT INTO asistencias (codigo_estudiante, fecha_hora) VALUES ('1035657', '2026-06-22 17:29:20+00');
INSERT INTO asistencias (codigo_estudiante, fecha_hora) VALUES ('1035228', '2026-07-04 17:29:20+00');
INSERT INTO asistencias (codigo_estudiante, fecha_hora) VALUES ('1035409', '2026-07-13 17:29:20+00');
INSERT INTO asistencias (codigo_estudiante, fecha_hora) VALUES ('1035181', '2026-07-17 17:29:20+00');
INSERT INTO asistencias (codigo_estudiante, fecha_hora) VALUES ('1035501', '2026-06-26 17:29:20+00');
INSERT INTO asistencias (codigo_estudiante, fecha_hora) VALUES ('1035808', '2026-07-20 17:29:20+00');
INSERT INTO asistencias (codigo_estudiante, fecha_hora) VALUES ('1035488', '2026-06-30 17:29:20+00');
INSERT INTO asistencias (codigo_estudiante, fecha_hora) VALUES ('1035141', '2026-07-10 17:29:20+00');
INSERT INTO asistencias (codigo_estudiante, fecha_hora) VALUES ('1035937', '2026-06-25 17:29:20+00');
INSERT INTO asistencias (codigo_estudiante, fecha_hora) VALUES ('1035707', '2026-07-04 17:29:20+00');
INSERT INTO asistencias (codigo_estudiante, fecha_hora) VALUES ('1035130', '2026-07-13 17:29:20+00');
INSERT INTO asistencias (codigo_estudiante, fecha_hora) VALUES ('1035558', '2026-06-22 17:29:20+00');
INSERT INTO asistencias (codigo_estudiante, fecha_hora) VALUES ('1035433', '2026-07-19 17:29:20+00');
INSERT INTO asistencias (codigo_estudiante, fecha_hora) VALUES ('1035288', '2026-06-28 17:29:20+00');
INSERT INTO asistencias (codigo_estudiante, fecha_hora) VALUES ('1035283', '2026-06-29 17:29:20+00');
INSERT INTO asistencias (codigo_estudiante, fecha_hora) VALUES ('1035185', '2026-06-30 17:29:20+00');
INSERT INTO asistencias (codigo_estudiante, fecha_hora) VALUES ('1035418', '2026-07-04 17:29:20+00');
INSERT INTO asistencias (codigo_estudiante, fecha_hora) VALUES ('1035239', '2026-07-16 17:29:20+00');
INSERT INTO asistencias (codigo_estudiante, fecha_hora) VALUES ('1035229', '2026-07-12 17:29:20+00');
INSERT INTO asistencias (codigo_estudiante, fecha_hora) VALUES ('1035949', '2026-07-20 17:29:20+00');
INSERT INTO asistencias (codigo_estudiante, fecha_hora) VALUES ('1035373', '2026-06-25 17:29:20+00');
INSERT INTO asistencias (codigo_estudiante, fecha_hora) VALUES ('1035218', '2026-07-16 17:29:20+00');
INSERT INTO asistencias (codigo_estudiante, fecha_hora) VALUES ('1035674', '2026-07-18 17:29:20+00');
INSERT INTO asistencias (codigo_estudiante, fecha_hora) VALUES ('1035634', '2026-06-20 17:29:20+00');
INSERT INTO asistencias (codigo_estudiante, fecha_hora) VALUES ('1035697', '2026-07-06 17:29:20+00');
INSERT INTO asistencias (codigo_estudiante, fecha_hora) VALUES ('1035216', '2026-07-16 17:29:20+00');
INSERT INTO asistencias (codigo_estudiante, fecha_hora) VALUES ('1035689', '2026-06-21 17:29:20+00');
INSERT INTO asistencias (codigo_estudiante, fecha_hora) VALUES ('1035309', '2026-07-14 17:29:20+00');
INSERT INTO asistencias (codigo_estudiante, fecha_hora) VALUES ('1035186', '2026-07-05 17:29:20+00');
INSERT INTO asistencias (codigo_estudiante, fecha_hora) VALUES ('1035243', '2026-07-04 17:29:20+00');
INSERT INTO asistencias (codigo_estudiante, fecha_hora) VALUES ('1035569', '2026-07-04 17:29:20+00');
INSERT INTO asistencias (codigo_estudiante, fecha_hora) VALUES ('1035651', '2026-07-10 17:29:20+00');
INSERT INTO asistencias (codigo_estudiante, fecha_hora) VALUES ('1035645', '2026-07-12 17:29:20+00');
INSERT INTO asistencias (codigo_estudiante, fecha_hora) VALUES ('1035475', '2026-07-11 17:29:20+00');
INSERT INTO asistencias (codigo_estudiante, fecha_hora) VALUES ('1035702', '2026-07-01 17:29:20+00');
INSERT INTO asistencias (codigo_estudiante, fecha_hora) VALUES ('1035886', '2026-07-15 17:29:20+00');
INSERT INTO asistencias (codigo_estudiante, fecha_hora) VALUES ('1035637', '2026-07-15 17:29:20+00');
INSERT INTO asistencias (codigo_estudiante, fecha_hora) VALUES ('1035852', '2026-07-14 17:29:20+00');
INSERT INTO asistencias (codigo_estudiante, fecha_hora) VALUES ('1035875', '2026-07-10 17:29:20+00');
INSERT INTO asistencias (codigo_estudiante, fecha_hora) VALUES ('1035493', '2026-06-26 17:29:20+00');
INSERT INTO asistencias (codigo_estudiante, fecha_hora) VALUES ('1035580', '2026-07-19 17:29:20+00');
INSERT INTO asistencias (codigo_estudiante, fecha_hora) VALUES ('1035140', '2026-06-30 17:29:20+00');
INSERT INTO asistencias (codigo_estudiante, fecha_hora) VALUES ('1035297', '2026-07-04 17:29:20+00');
INSERT INTO asistencias (codigo_estudiante, fecha_hora) VALUES ('1035818', '2026-07-19 17:29:20+00');
INSERT INTO asistencias (codigo_estudiante, fecha_hora) VALUES ('1035294', '2026-06-28 17:29:20+00');
INSERT INTO asistencias (codigo_estudiante, fecha_hora) VALUES ('1035771', '2026-07-18 17:29:20+00');
INSERT INTO asistencias (codigo_estudiante, fecha_hora) VALUES ('1035942', '2026-07-19 17:29:20+00');
INSERT INTO asistencias (codigo_estudiante, fecha_hora) VALUES ('1035207', '2026-07-03 17:29:20+00');
INSERT INTO asistencias (codigo_estudiante, fecha_hora) VALUES ('1035139', '2026-07-10 17:29:20+00');
INSERT INTO asistencias (codigo_estudiante, fecha_hora) VALUES ('1035193', '2026-06-23 17:29:20+00');
INSERT INTO asistencias (codigo_estudiante, fecha_hora) VALUES ('1035921', '2026-07-02 17:29:20+00');
INSERT INTO asistencias (codigo_estudiante, fecha_hora) VALUES ('1035286', '2026-06-26 17:29:20+00');
INSERT INTO asistencias (codigo_estudiante, fecha_hora) VALUES ('1035924', '2026-06-29 17:29:20+00');
INSERT INTO asistencias (codigo_estudiante, fecha_hora) VALUES ('1035745', '2026-06-29 17:29:20+00');
INSERT INTO asistencias (codigo_estudiante, fecha_hora) VALUES ('1035301', '2026-07-16 17:29:20+00');
INSERT INTO asistencias (codigo_estudiante, fecha_hora) VALUES ('1035543', '2026-06-22 17:29:20+00');
INSERT INTO asistencias (codigo_estudiante, fecha_hora) VALUES ('1035706', '2026-06-24 17:29:20+00');
INSERT INTO asistencias (codigo_estudiante, fecha_hora) VALUES ('1035621', '2026-07-06 17:29:20+00');
INSERT INTO asistencias (codigo_estudiante, fecha_hora) VALUES ('1035927', '2026-07-12 17:29:20+00');
INSERT INTO asistencias (codigo_estudiante, fecha_hora) VALUES ('1035447', '2026-06-23 17:29:20+00');
INSERT INTO asistencias (codigo_estudiante, fecha_hora) VALUES ('1035597', '2026-07-03 17:29:20+00');
INSERT INTO asistencias (codigo_estudiante, fecha_hora) VALUES ('1035483', '2026-06-30 17:29:20+00');
INSERT INTO asistencias (codigo_estudiante, fecha_hora) VALUES ('1035541', '2026-06-22 17:29:20+00');
INSERT INTO asistencias (codigo_estudiante, fecha_hora) VALUES ('1035518', '2026-07-10 17:29:20+00');
INSERT INTO asistencias (codigo_estudiante, fecha_hora) VALUES ('1035398', '2026-07-13 17:29:20+00');
INSERT INTO asistencias (codigo_estudiante, fecha_hora) VALUES ('1035889', '2026-07-14 17:29:20+00');
INSERT INTO asistencias (codigo_estudiante, fecha_hora) VALUES ('1035416', '2026-06-29 17:29:20+00');
INSERT INTO asistencias (codigo_estudiante, fecha_hora) VALUES ('1035795', '2026-07-10 17:29:20+00');
INSERT INTO asistencias (codigo_estudiante, fecha_hora) VALUES ('1035148', '2026-07-05 17:29:20+00');
INSERT INTO asistencias (codigo_estudiante, fecha_hora) VALUES ('1035289', '2026-06-20 17:29:20+00');
INSERT INTO asistencias (codigo_estudiante, fecha_hora) VALUES ('1035511', '2026-06-25 17:29:20+00');
INSERT INTO asistencias (codigo_estudiante, fecha_hora) VALUES ('1035718', '2026-06-29 17:29:20+00');
INSERT INTO asistencias (codigo_estudiante, fecha_hora) VALUES ('1035152', '2026-07-11 17:29:20+00');
INSERT INTO asistencias (codigo_estudiante, fecha_hora) VALUES ('1035970', '2026-07-04 17:29:20+00');
INSERT INTO asistencias (codigo_estudiante, fecha_hora) VALUES ('1035402', '2026-06-27 17:29:20+00');
INSERT INTO asistencias (codigo_estudiante, fecha_hora) VALUES ('1035611', '2026-06-20 17:29:20+00');
INSERT INTO asistencias (codigo_estudiante, fecha_hora) VALUES ('1035339', '2026-07-05 17:29:20+00');
INSERT INTO asistencias (codigo_estudiante, fecha_hora) VALUES ('1035456', '2026-06-28 17:29:20+00');
INSERT INTO asistencias (codigo_estudiante, fecha_hora) VALUES ('1035890', '2026-07-03 17:29:20+00');
INSERT INTO asistencias (codigo_estudiante, fecha_hora) VALUES ('1035962', '2026-07-13 17:29:20+00');
INSERT INTO asistencias (codigo_estudiante, fecha_hora) VALUES ('1035367', '2026-06-29 17:29:20+00');
INSERT INTO asistencias (codigo_estudiante, fecha_hora) VALUES ('1035640', '2026-06-20 17:29:20+00');
INSERT INTO asistencias (codigo_estudiante, fecha_hora) VALUES ('1035145', '2026-07-20 17:29:20+00');
INSERT INTO asistencias (codigo_estudiante, fecha_hora) VALUES ('1035160', '2026-06-24 17:29:20+00');
INSERT INTO asistencias (codigo_estudiante, fecha_hora) VALUES ('1035667', '2026-07-05 17:29:20+00');
INSERT INTO asistencias (codigo_estudiante, fecha_hora) VALUES ('1035101', '2026-07-08 17:29:20+00');
INSERT INTO asistencias (codigo_estudiante, fecha_hora) VALUES ('1035687', '2026-06-23 17:29:20+00');
INSERT INTO asistencias (codigo_estudiante, fecha_hora) VALUES ('1035669', '2026-06-29 17:29:20+00');
INSERT INTO asistencias (codigo_estudiante, fecha_hora) VALUES ('1035911', '2026-06-25 17:29:20+00');
INSERT INTO asistencias (codigo_estudiante, fecha_hora) VALUES ('1035648', '2026-07-04 17:29:20+00');
INSERT INTO asistencias (codigo_estudiante, fecha_hora) VALUES ('1035199', '2026-07-18 17:29:20+00');
INSERT INTO asistencias (codigo_estudiante, fecha_hora) VALUES ('1035831', '2026-07-13 17:29:20+00');
INSERT INTO asistencias (codigo_estudiante, fecha_hora) VALUES ('1035226', '2026-07-10 17:29:20+00');
INSERT INTO asistencias (codigo_estudiante, fecha_hora) VALUES ('1035598', '2026-07-06 17:29:20+00');
INSERT INTO asistencias (codigo_estudiante, fecha_hora) VALUES ('1035230', '2026-06-26 17:29:20+00');
INSERT INTO asistencias (codigo_estudiante, fecha_hora) VALUES ('1035529', '2026-06-27 17:29:20+00');
INSERT INTO asistencias (codigo_estudiante, fecha_hora) VALUES ('1035826', '2026-07-04 17:29:20+00');
INSERT INTO asistencias (codigo_estudiante, fecha_hora) VALUES ('1035155', '2026-07-16 17:29:20+00');
INSERT INTO asistencias (codigo_estudiante, fecha_hora) VALUES ('1035479', '2026-07-14 17:29:20+00');
INSERT INTO asistencias (codigo_estudiante, fecha_hora) VALUES ('1035776', '2026-07-09 17:29:20+00');
INSERT INTO asistencias (codigo_estudiante, fecha_hora) VALUES ('1035469', '2026-06-22 17:29:20+00');
INSERT INTO asistencias (codigo_estudiante, fecha_hora) VALUES ('1035799', '2026-07-06 17:29:20+00');
INSERT INTO asistencias (codigo_estudiante, fecha_hora) VALUES ('1035147', '2026-06-22 17:29:20+00');
INSERT INTO asistencias (codigo_estudiante, fecha_hora) VALUES ('1035902', '2026-07-01 17:29:20+00');
INSERT INTO asistencias (codigo_estudiante, fecha_hora) VALUES ('1035510', '2026-07-15 17:29:20+00');
INSERT INTO asistencias (codigo_estudiante, fecha_hora) VALUES ('1035864', '2026-07-18 17:29:20+00');
INSERT INTO asistencias (codigo_estudiante, fecha_hora) VALUES ('1035973', '2026-07-15 17:29:20+00');
INSERT INTO asistencias (codigo_estudiante, fecha_hora) VALUES ('1035859', '2026-07-05 17:29:20+00');
INSERT INTO asistencias (codigo_estudiante, fecha_hora) VALUES ('1035945', '2026-07-11 17:29:20+00');
INSERT INTO asistencias (codigo_estudiante, fecha_hora) VALUES ('1035814', '2026-06-26 17:29:20+00');
INSERT INTO asistencias (codigo_estudiante, fecha_hora) VALUES ('1035514', '2026-07-09 17:29:20+00');

-- PASO 3: INSERTAR VALORACIONES
INSERT INTO valoraciones_nutricionales (codigo_estudiante, fecha_valoracion, edad, sexo_biologico, peso_kg, talla_cm, imc, clasificacion_minsalud, actividad_fisica, preferencia_dietaria) VALUES ('1035470', '2026-07-04 17:29:20+00', 28, 'M', 70.5, 175, 23.0, 'Peso adecuado', 'Activo', 'Omnívoro');
INSERT INTO valoraciones_nutricionales (codigo_estudiante, fecha_valoracion, edad, sexo_biologico, peso_kg, talla_cm, imc, clasificacion_minsalud, actividad_fisica, preferencia_dietaria) VALUES ('1035869', '2026-06-26 17:29:20+00', 30, 'M', 70.5, 175, 23.0, 'Peso adecuado', 'Activo', 'Omnívoro');
INSERT INTO valoraciones_nutricionales (codigo_estudiante, fecha_valoracion, edad, sexo_biologico, peso_kg, talla_cm, imc, clasificacion_minsalud, actividad_fisica, preferencia_dietaria) VALUES ('1035116', '2026-06-27 17:29:20+00', 17, 'M', 70.5, 175, 23.0, 'Peso adecuado', 'Activo', 'Omnívoro');
INSERT INTO valoraciones_nutricionales (codigo_estudiante, fecha_valoracion, edad, sexo_biologico, peso_kg, talla_cm, imc, clasificacion_minsalud, actividad_fisica, preferencia_dietaria) VALUES ('1035530', '2026-07-07 17:29:20+00', 20, 'M', 70.5, 175, 23.0, 'Sobrepeso', 'Activo', 'Omnívoro');
INSERT INTO valoraciones_nutricionales (codigo_estudiante, fecha_valoracion, edad, sexo_biologico, peso_kg, talla_cm, imc, clasificacion_minsalud, actividad_fisica, preferencia_dietaria) VALUES ('1035691', '2026-07-05 17:29:20+00', 17, 'M', 70.5, 175, 23.0, 'Bajo peso', 'Activo', 'Omnívoro');
INSERT INTO valoraciones_nutricionales (codigo_estudiante, fecha_valoracion, edad, sexo_biologico, peso_kg, talla_cm, imc, clasificacion_minsalud, actividad_fisica, preferencia_dietaria) VALUES ('1035197', '2026-07-03 17:29:20+00', 27, 'M', 70.5, 175, 23.0, 'Obesidad', 'Activo', 'Omnívoro');
INSERT INTO valoraciones_nutricionales (codigo_estudiante, fecha_valoracion, edad, sexo_biologico, peso_kg, talla_cm, imc, clasificacion_minsalud, actividad_fisica, preferencia_dietaria) VALUES ('1035484', '2026-07-01 17:29:20+00', 22, 'M', 70.5, 175, 23.0, 'Peso adecuado', 'Activo', 'Omnívoro');
INSERT INTO valoraciones_nutricionales (codigo_estudiante, fecha_valoracion, edad, sexo_biologico, peso_kg, talla_cm, imc, clasificacion_minsalud, actividad_fisica, preferencia_dietaria) VALUES ('1035486', '2026-07-19 17:29:20+00', 23, 'M', 70.5, 175, 23.0, 'Sobrepeso', 'Activo', 'Omnívoro');
INSERT INTO valoraciones_nutricionales (codigo_estudiante, fecha_valoracion, edad, sexo_biologico, peso_kg, talla_cm, imc, clasificacion_minsalud, actividad_fisica, preferencia_dietaria) VALUES ('1035350', '2026-06-28 17:29:20+00', 17, 'M', 70.5, 175, 23.0, 'Peso adecuado', 'Activo', 'Omnívoro');
INSERT INTO valoraciones_nutricionales (codigo_estudiante, fecha_valoracion, edad, sexo_biologico, peso_kg, talla_cm, imc, clasificacion_minsalud, actividad_fisica, preferencia_dietaria) VALUES ('1035677', '2026-07-16 17:29:20+00', 23, 'M', 70.5, 175, 23.0, 'Peso adecuado', 'Activo', 'Omnívoro');
INSERT INTO valoraciones_nutricionales (codigo_estudiante, fecha_valoracion, edad, sexo_biologico, peso_kg, talla_cm, imc, clasificacion_minsalud, actividad_fisica, preferencia_dietaria) VALUES ('1035567', '2026-06-29 17:29:20+00', 19, 'M', 70.5, 175, 23.0, 'Obesidad', 'Activo', 'Omnívoro');
INSERT INTO valoraciones_nutricionales (codigo_estudiante, fecha_valoracion, edad, sexo_biologico, peso_kg, talla_cm, imc, clasificacion_minsalud, actividad_fisica, preferencia_dietaria) VALUES ('1035732', '2026-06-25 17:29:20+00', 24, 'M', 70.5, 175, 23.0, 'Peso adecuado', 'Activo', 'Omnívoro');
INSERT INTO valoraciones_nutricionales (codigo_estudiante, fecha_valoracion, edad, sexo_biologico, peso_kg, talla_cm, imc, clasificacion_minsalud, actividad_fisica, preferencia_dietaria) VALUES ('1035331', '2026-06-20 17:29:20+00', 27, 'M', 70.5, 175, 23.0, 'Sobrepeso', 'Activo', 'Omnívoro');
INSERT INTO valoraciones_nutricionales (codigo_estudiante, fecha_valoracion, edad, sexo_biologico, peso_kg, talla_cm, imc, clasificacion_minsalud, actividad_fisica, preferencia_dietaria) VALUES ('1035624', '2026-07-07 17:29:20+00', 26, 'M', 70.5, 175, 23.0, 'Peso adecuado', 'Activo', 'Omnívoro');
INSERT INTO valoraciones_nutricionales (codigo_estudiante, fecha_valoracion, edad, sexo_biologico, peso_kg, talla_cm, imc, clasificacion_minsalud, actividad_fisica, preferencia_dietaria) VALUES ('1035280', '2026-06-23 17:29:20+00', 26, 'M', 70.5, 175, 23.0, 'Bajo peso', 'Activo', 'Omnívoro');
INSERT INTO valoraciones_nutricionales (codigo_estudiante, fecha_valoracion, edad, sexo_biologico, peso_kg, talla_cm, imc, clasificacion_minsalud, actividad_fisica, preferencia_dietaria) VALUES ('1035947', '2026-07-14 17:29:20+00', 17, 'M', 70.5, 175, 23.0, 'Peso adecuado', 'Activo', 'Omnívoro');
INSERT INTO valoraciones_nutricionales (codigo_estudiante, fecha_valoracion, edad, sexo_biologico, peso_kg, talla_cm, imc, clasificacion_minsalud, actividad_fisica, preferencia_dietaria) VALUES ('1035254', '2026-07-19 17:29:20+00', 28, 'M', 70.5, 175, 23.0, 'Obesidad', 'Activo', 'Omnívoro');
INSERT INTO valoraciones_nutricionales (codigo_estudiante, fecha_valoracion, edad, sexo_biologico, peso_kg, talla_cm, imc, clasificacion_minsalud, actividad_fisica, preferencia_dietaria) VALUES ('1035525', '2026-07-09 17:29:20+00', 21, 'M', 70.5, 175, 23.0, 'Peso adecuado', 'Activo', 'Omnívoro');
INSERT INTO valoraciones_nutricionales (codigo_estudiante, fecha_valoracion, edad, sexo_biologico, peso_kg, talla_cm, imc, clasificacion_minsalud, actividad_fisica, preferencia_dietaria) VALUES ('1035641', '2026-07-13 17:29:20+00', 20, 'M', 70.5, 175, 23.0, 'Peso adecuado', 'Activo', 'Omnívoro');
INSERT INTO valoraciones_nutricionales (codigo_estudiante, fecha_valoracion, edad, sexo_biologico, peso_kg, talla_cm, imc, clasificacion_minsalud, actividad_fisica, preferencia_dietaria) VALUES ('1035992', '2026-07-08 17:29:20+00', 24, 'M', 70.5, 175, 23.0, 'Peso adecuado', 'Activo', 'Omnívoro');
INSERT INTO valoraciones_nutricionales (codigo_estudiante, fecha_valoracion, edad, sexo_biologico, peso_kg, talla_cm, imc, clasificacion_minsalud, actividad_fisica, preferencia_dietaria) VALUES ('1035175', '2026-06-25 17:29:20+00', 22, 'M', 70.5, 175, 23.0, 'Obesidad', 'Activo', 'Omnívoro');
INSERT INTO valoraciones_nutricionales (codigo_estudiante, fecha_valoracion, edad, sexo_biologico, peso_kg, talla_cm, imc, clasificacion_minsalud, actividad_fisica, preferencia_dietaria) VALUES ('1035313', '2026-07-18 17:29:20+00', 27, 'M', 70.5, 175, 23.0, 'Peso adecuado', 'Activo', 'Omnívoro');
INSERT INTO valoraciones_nutricionales (codigo_estudiante, fecha_valoracion, edad, sexo_biologico, peso_kg, talla_cm, imc, clasificacion_minsalud, actividad_fisica, preferencia_dietaria) VALUES ('1035898', '2026-06-30 17:29:20+00', 18, 'M', 70.5, 175, 23.0, 'Obesidad', 'Activo', 'Omnívoro');
INSERT INTO valoraciones_nutricionales (codigo_estudiante, fecha_valoracion, edad, sexo_biologico, peso_kg, talla_cm, imc, clasificacion_minsalud, actividad_fisica, preferencia_dietaria) VALUES ('1035443', '2026-07-05 17:29:20+00', 27, 'M', 70.5, 175, 23.0, 'Peso adecuado', 'Activo', 'Omnívoro');
INSERT INTO valoraciones_nutricionales (codigo_estudiante, fecha_valoracion, edad, sexo_biologico, peso_kg, talla_cm, imc, clasificacion_minsalud, actividad_fisica, preferencia_dietaria) VALUES ('1035952', '2026-07-13 17:29:20+00', 28, 'M', 70.5, 175, 23.0, 'Obesidad', 'Activo', 'Omnívoro');
INSERT INTO valoraciones_nutricionales (codigo_estudiante, fecha_valoracion, edad, sexo_biologico, peso_kg, talla_cm, imc, clasificacion_minsalud, actividad_fisica, preferencia_dietaria) VALUES ('1035319', '2026-06-25 17:29:20+00', 21, 'M', 70.5, 175, 23.0, 'Obesidad', 'Activo', 'Omnívoro');
INSERT INTO valoraciones_nutricionales (codigo_estudiante, fecha_valoracion, edad, sexo_biologico, peso_kg, talla_cm, imc, clasificacion_minsalud, actividad_fisica, preferencia_dietaria) VALUES ('1035238', '2026-07-10 17:29:20+00', 28, 'M', 70.5, 175, 23.0, 'Obesidad', 'Activo', 'Omnívoro');
INSERT INTO valoraciones_nutricionales (codigo_estudiante, fecha_valoracion, edad, sexo_biologico, peso_kg, talla_cm, imc, clasificacion_minsalud, actividad_fisica, preferencia_dietaria) VALUES ('1035739', '2026-06-27 17:29:20+00', 17, 'M', 70.5, 175, 23.0, 'Peso adecuado', 'Activo', 'Omnívoro');
INSERT INTO valoraciones_nutricionales (codigo_estudiante, fecha_valoracion, edad, sexo_biologico, peso_kg, talla_cm, imc, clasificacion_minsalud, actividad_fisica, preferencia_dietaria) VALUES ('1035882', '2026-06-22 17:29:20+00', 30, 'M', 70.5, 175, 23.0, 'Bajo peso', 'Activo', 'Omnívoro');
INSERT INTO valoraciones_nutricionales (codigo_estudiante, fecha_valoracion, edad, sexo_biologico, peso_kg, talla_cm, imc, clasificacion_minsalud, actividad_fisica, preferencia_dietaria) VALUES ('1035657', '2026-06-22 17:29:20+00', 18, 'M', 70.5, 175, 23.0, 'Peso adecuado', 'Activo', 'Omnívoro');
INSERT INTO valoraciones_nutricionales (codigo_estudiante, fecha_valoracion, edad, sexo_biologico, peso_kg, talla_cm, imc, clasificacion_minsalud, actividad_fisica, preferencia_dietaria) VALUES ('1035228', '2026-06-22 17:29:20+00', 30, 'M', 70.5, 175, 23.0, 'Obesidad', 'Activo', 'Omnívoro');
INSERT INTO valoraciones_nutricionales (codigo_estudiante, fecha_valoracion, edad, sexo_biologico, peso_kg, talla_cm, imc, clasificacion_minsalud, actividad_fisica, preferencia_dietaria) VALUES ('1035409', '2026-06-27 17:29:20+00', 22, 'M', 70.5, 175, 23.0, 'Peso adecuado', 'Activo', 'Omnívoro');
INSERT INTO valoraciones_nutricionales (codigo_estudiante, fecha_valoracion, edad, sexo_biologico, peso_kg, talla_cm, imc, clasificacion_minsalud, actividad_fisica, preferencia_dietaria) VALUES ('1035181', '2026-07-01 17:29:20+00', 22, 'M', 70.5, 175, 23.0, 'Peso adecuado', 'Activo', 'Omnívoro');
INSERT INTO valoraciones_nutricionales (codigo_estudiante, fecha_valoracion, edad, sexo_biologico, peso_kg, talla_cm, imc, clasificacion_minsalud, actividad_fisica, preferencia_dietaria) VALUES ('1035501', '2026-06-23 17:29:20+00', 27, 'M', 70.5, 175, 23.0, 'Sobrepeso', 'Activo', 'Omnívoro');
INSERT INTO valoraciones_nutricionales (codigo_estudiante, fecha_valoracion, edad, sexo_biologico, peso_kg, talla_cm, imc, clasificacion_minsalud, actividad_fisica, preferencia_dietaria) VALUES ('1035808', '2026-06-23 17:29:20+00', 20, 'M', 70.5, 175, 23.0, 'Bajo peso', 'Activo', 'Omnívoro');
INSERT INTO valoraciones_nutricionales (codigo_estudiante, fecha_valoracion, edad, sexo_biologico, peso_kg, talla_cm, imc, clasificacion_minsalud, actividad_fisica, preferencia_dietaria) VALUES ('1035488', '2026-07-03 17:29:20+00', 28, 'M', 70.5, 175, 23.0, 'Sobrepeso', 'Activo', 'Omnívoro');
INSERT INTO valoraciones_nutricionales (codigo_estudiante, fecha_valoracion, edad, sexo_biologico, peso_kg, talla_cm, imc, clasificacion_minsalud, actividad_fisica, preferencia_dietaria) VALUES ('1035141', '2026-07-17 17:29:20+00', 20, 'M', 70.5, 175, 23.0, 'Peso adecuado', 'Activo', 'Omnívoro');
INSERT INTO valoraciones_nutricionales (codigo_estudiante, fecha_valoracion, edad, sexo_biologico, peso_kg, talla_cm, imc, clasificacion_minsalud, actividad_fisica, preferencia_dietaria) VALUES ('1035937', '2026-06-22 17:29:20+00', 18, 'M', 70.5, 175, 23.0, 'Bajo peso', 'Activo', 'Omnívoro');
INSERT INTO valoraciones_nutricionales (codigo_estudiante, fecha_valoracion, edad, sexo_biologico, peso_kg, talla_cm, imc, clasificacion_minsalud, actividad_fisica, preferencia_dietaria) VALUES ('1035707', '2026-06-28 17:29:20+00', 22, 'M', 70.5, 175, 23.0, 'Sobrepeso', 'Activo', 'Omnívoro');
INSERT INTO valoraciones_nutricionales (codigo_estudiante, fecha_valoracion, edad, sexo_biologico, peso_kg, talla_cm, imc, clasificacion_minsalud, actividad_fisica, preferencia_dietaria) VALUES ('1035130', '2026-06-24 17:29:20+00', 18, 'M', 70.5, 175, 23.0, 'Peso adecuado', 'Activo', 'Omnívoro');
INSERT INTO valoraciones_nutricionales (codigo_estudiante, fecha_valoracion, edad, sexo_biologico, peso_kg, talla_cm, imc, clasificacion_minsalud, actividad_fisica, preferencia_dietaria) VALUES ('1035558', '2026-06-24 17:29:20+00', 23, 'M', 70.5, 175, 23.0, 'Peso adecuado', 'Activo', 'Omnívoro');
INSERT INTO valoraciones_nutricionales (codigo_estudiante, fecha_valoracion, edad, sexo_biologico, peso_kg, talla_cm, imc, clasificacion_minsalud, actividad_fisica, preferencia_dietaria) VALUES ('1035433', '2026-06-27 17:29:20+00', 21, 'M', 70.5, 175, 23.0, 'Peso adecuado', 'Activo', 'Omnívoro');
INSERT INTO valoraciones_nutricionales (codigo_estudiante, fecha_valoracion, edad, sexo_biologico, peso_kg, talla_cm, imc, clasificacion_minsalud, actividad_fisica, preferencia_dietaria) VALUES ('1035288', '2026-07-17 17:29:20+00', 27, 'M', 70.5, 175, 23.0, 'Sobrepeso', 'Activo', 'Omnívoro');
INSERT INTO valoraciones_nutricionales (codigo_estudiante, fecha_valoracion, edad, sexo_biologico, peso_kg, talla_cm, imc, clasificacion_minsalud, actividad_fisica, preferencia_dietaria) VALUES ('1035283', '2026-07-10 17:29:20+00', 29, 'M', 70.5, 175, 23.0, 'Sobrepeso', 'Activo', 'Omnívoro');
INSERT INTO valoraciones_nutricionales (codigo_estudiante, fecha_valoracion, edad, sexo_biologico, peso_kg, talla_cm, imc, clasificacion_minsalud, actividad_fisica, preferencia_dietaria) VALUES ('1035185', '2026-07-11 17:29:20+00', 25, 'M', 70.5, 175, 23.0, 'Bajo peso', 'Activo', 'Omnívoro');
INSERT INTO valoraciones_nutricionales (codigo_estudiante, fecha_valoracion, edad, sexo_biologico, peso_kg, talla_cm, imc, clasificacion_minsalud, actividad_fisica, preferencia_dietaria) VALUES ('1035418', '2026-07-07 17:29:20+00', 19, 'M', 70.5, 175, 23.0, 'Sobrepeso', 'Activo', 'Omnívoro');
INSERT INTO valoraciones_nutricionales (codigo_estudiante, fecha_valoracion, edad, sexo_biologico, peso_kg, talla_cm, imc, clasificacion_minsalud, actividad_fisica, preferencia_dietaria) VALUES ('1035239', '2026-07-17 17:29:20+00', 19, 'M', 70.5, 175, 23.0, 'Obesidad', 'Activo', 'Omnívoro');
INSERT INTO valoraciones_nutricionales (codigo_estudiante, fecha_valoracion, edad, sexo_biologico, peso_kg, talla_cm, imc, clasificacion_minsalud, actividad_fisica, preferencia_dietaria) VALUES ('1035229', '2026-06-29 17:29:20+00', 23, 'M', 70.5, 175, 23.0, 'Peso adecuado', 'Activo', 'Omnívoro');
INSERT INTO valoraciones_nutricionales (codigo_estudiante, fecha_valoracion, edad, sexo_biologico, peso_kg, talla_cm, imc, clasificacion_minsalud, actividad_fisica, preferencia_dietaria) VALUES ('1035949', '2026-07-20 17:29:20+00', 27, 'M', 70.5, 175, 23.0, 'Sobrepeso', 'Activo', 'Omnívoro');
INSERT INTO valoraciones_nutricionales (codigo_estudiante, fecha_valoracion, edad, sexo_biologico, peso_kg, talla_cm, imc, clasificacion_minsalud, actividad_fisica, preferencia_dietaria) VALUES ('1035373', '2026-07-05 17:29:20+00', 21, 'M', 70.5, 175, 23.0, 'Peso adecuado', 'Activo', 'Omnívoro');
INSERT INTO valoraciones_nutricionales (codigo_estudiante, fecha_valoracion, edad, sexo_biologico, peso_kg, talla_cm, imc, clasificacion_minsalud, actividad_fisica, preferencia_dietaria) VALUES ('1035218', '2026-07-19 17:29:20+00', 23, 'M', 70.5, 175, 23.0, 'Peso adecuado', 'Activo', 'Omnívoro');
INSERT INTO valoraciones_nutricionales (codigo_estudiante, fecha_valoracion, edad, sexo_biologico, peso_kg, talla_cm, imc, clasificacion_minsalud, actividad_fisica, preferencia_dietaria) VALUES ('1035674', '2026-07-12 17:29:20+00', 20, 'M', 70.5, 175, 23.0, 'Peso adecuado', 'Activo', 'Omnívoro');
INSERT INTO valoraciones_nutricionales (codigo_estudiante, fecha_valoracion, edad, sexo_biologico, peso_kg, talla_cm, imc, clasificacion_minsalud, actividad_fisica, preferencia_dietaria) VALUES ('1035634', '2026-07-08 17:29:20+00', 21, 'M', 70.5, 175, 23.0, 'Peso adecuado', 'Activo', 'Omnívoro');
INSERT INTO valoraciones_nutricionales (codigo_estudiante, fecha_valoracion, edad, sexo_biologico, peso_kg, talla_cm, imc, clasificacion_minsalud, actividad_fisica, preferencia_dietaria) VALUES ('1035697', '2026-06-26 17:29:20+00', 19, 'M', 70.5, 175, 23.0, 'Sobrepeso', 'Activo', 'Omnívoro');
INSERT INTO valoraciones_nutricionales (codigo_estudiante, fecha_valoracion, edad, sexo_biologico, peso_kg, talla_cm, imc, clasificacion_minsalud, actividad_fisica, preferencia_dietaria) VALUES ('1035216', '2026-07-05 17:29:20+00', 17, 'M', 70.5, 175, 23.0, 'Peso adecuado', 'Activo', 'Omnívoro');
INSERT INTO valoraciones_nutricionales (codigo_estudiante, fecha_valoracion, edad, sexo_biologico, peso_kg, talla_cm, imc, clasificacion_minsalud, actividad_fisica, preferencia_dietaria) VALUES ('1035689', '2026-06-20 17:29:20+00', 30, 'M', 70.5, 175, 23.0, 'Bajo peso', 'Activo', 'Omnívoro');
INSERT INTO valoraciones_nutricionales (codigo_estudiante, fecha_valoracion, edad, sexo_biologico, peso_kg, talla_cm, imc, clasificacion_minsalud, actividad_fisica, preferencia_dietaria) VALUES ('1035309', '2026-06-29 17:29:20+00', 26, 'M', 70.5, 175, 23.0, 'Peso adecuado', 'Activo', 'Omnívoro');
INSERT INTO valoraciones_nutricionales (codigo_estudiante, fecha_valoracion, edad, sexo_biologico, peso_kg, talla_cm, imc, clasificacion_minsalud, actividad_fisica, preferencia_dietaria) VALUES ('1035186', '2026-06-23 17:29:20+00', 20, 'M', 70.5, 175, 23.0, 'Peso adecuado', 'Activo', 'Omnívoro');
INSERT INTO valoraciones_nutricionales (codigo_estudiante, fecha_valoracion, edad, sexo_biologico, peso_kg, talla_cm, imc, clasificacion_minsalud, actividad_fisica, preferencia_dietaria) VALUES ('1035243', '2026-07-02 17:29:20+00', 25, 'M', 70.5, 175, 23.0, 'Sobrepeso', 'Activo', 'Omnívoro');
INSERT INTO valoraciones_nutricionales (codigo_estudiante, fecha_valoracion, edad, sexo_biologico, peso_kg, talla_cm, imc, clasificacion_minsalud, actividad_fisica, preferencia_dietaria) VALUES ('1035569', '2026-07-13 17:29:20+00', 26, 'M', 70.5, 175, 23.0, 'Obesidad', 'Activo', 'Omnívoro');
INSERT INTO valoraciones_nutricionales (codigo_estudiante, fecha_valoracion, edad, sexo_biologico, peso_kg, talla_cm, imc, clasificacion_minsalud, actividad_fisica, preferencia_dietaria) VALUES ('1035651', '2026-07-03 17:29:20+00', 22, 'M', 70.5, 175, 23.0, 'Peso adecuado', 'Activo', 'Omnívoro');
INSERT INTO valoraciones_nutricionales (codigo_estudiante, fecha_valoracion, edad, sexo_biologico, peso_kg, talla_cm, imc, clasificacion_minsalud, actividad_fisica, preferencia_dietaria) VALUES ('1035645', '2026-07-11 17:29:20+00', 22, 'M', 70.5, 175, 23.0, 'Bajo peso', 'Activo', 'Omnívoro');
INSERT INTO valoraciones_nutricionales (codigo_estudiante, fecha_valoracion, edad, sexo_biologico, peso_kg, talla_cm, imc, clasificacion_minsalud, actividad_fisica, preferencia_dietaria) VALUES ('1035475', '2026-07-02 17:29:20+00', 23, 'M', 70.5, 175, 23.0, 'Peso adecuado', 'Activo', 'Omnívoro');
INSERT INTO valoraciones_nutricionales (codigo_estudiante, fecha_valoracion, edad, sexo_biologico, peso_kg, talla_cm, imc, clasificacion_minsalud, actividad_fisica, preferencia_dietaria) VALUES ('1035702', '2026-06-27 17:29:20+00', 22, 'M', 70.5, 175, 23.0, 'Obesidad', 'Activo', 'Omnívoro');
INSERT INTO valoraciones_nutricionales (codigo_estudiante, fecha_valoracion, edad, sexo_biologico, peso_kg, talla_cm, imc, clasificacion_minsalud, actividad_fisica, preferencia_dietaria) VALUES ('1035886', '2026-07-09 17:29:20+00', 23, 'M', 70.5, 175, 23.0, 'Peso adecuado', 'Activo', 'Omnívoro');
INSERT INTO valoraciones_nutricionales (codigo_estudiante, fecha_valoracion, edad, sexo_biologico, peso_kg, talla_cm, imc, clasificacion_minsalud, actividad_fisica, preferencia_dietaria) VALUES ('1035637', '2026-06-27 17:29:20+00', 27, 'M', 70.5, 175, 23.0, 'Obesidad', 'Activo', 'Omnívoro');
INSERT INTO valoraciones_nutricionales (codigo_estudiante, fecha_valoracion, edad, sexo_biologico, peso_kg, talla_cm, imc, clasificacion_minsalud, actividad_fisica, preferencia_dietaria) VALUES ('1035852', '2026-07-01 17:29:20+00', 23, 'M', 70.5, 175, 23.0, 'Peso adecuado', 'Activo', 'Omnívoro');
INSERT INTO valoraciones_nutricionales (codigo_estudiante, fecha_valoracion, edad, sexo_biologico, peso_kg, talla_cm, imc, clasificacion_minsalud, actividad_fisica, preferencia_dietaria) VALUES ('1035875', '2026-07-20 17:29:20+00', 19, 'M', 70.5, 175, 23.0, 'Peso adecuado', 'Activo', 'Omnívoro');
INSERT INTO valoraciones_nutricionales (codigo_estudiante, fecha_valoracion, edad, sexo_biologico, peso_kg, talla_cm, imc, clasificacion_minsalud, actividad_fisica, preferencia_dietaria) VALUES ('1035493', '2026-06-30 17:29:20+00', 18, 'M', 70.5, 175, 23.0, 'Obesidad', 'Activo', 'Omnívoro');
INSERT INTO valoraciones_nutricionales (codigo_estudiante, fecha_valoracion, edad, sexo_biologico, peso_kg, talla_cm, imc, clasificacion_minsalud, actividad_fisica, preferencia_dietaria) VALUES ('1035580', '2026-06-20 17:29:20+00', 24, 'M', 70.5, 175, 23.0, 'Sobrepeso', 'Activo', 'Omnívoro');
INSERT INTO valoraciones_nutricionales (codigo_estudiante, fecha_valoracion, edad, sexo_biologico, peso_kg, talla_cm, imc, clasificacion_minsalud, actividad_fisica, preferencia_dietaria) VALUES ('1035140', '2026-07-02 17:29:20+00', 18, 'M', 70.5, 175, 23.0, 'Sobrepeso', 'Activo', 'Omnívoro');
INSERT INTO valoraciones_nutricionales (codigo_estudiante, fecha_valoracion, edad, sexo_biologico, peso_kg, talla_cm, imc, clasificacion_minsalud, actividad_fisica, preferencia_dietaria) VALUES ('1035297', '2026-07-12 17:29:20+00', 24, 'M', 70.5, 175, 23.0, 'Peso adecuado', 'Activo', 'Omnívoro');
INSERT INTO valoraciones_nutricionales (codigo_estudiante, fecha_valoracion, edad, sexo_biologico, peso_kg, talla_cm, imc, clasificacion_minsalud, actividad_fisica, preferencia_dietaria) VALUES ('1035818', '2026-07-05 17:29:20+00', 22, 'M', 70.5, 175, 23.0, 'Peso adecuado', 'Activo', 'Omnívoro');
INSERT INTO valoraciones_nutricionales (codigo_estudiante, fecha_valoracion, edad, sexo_biologico, peso_kg, talla_cm, imc, clasificacion_minsalud, actividad_fisica, preferencia_dietaria) VALUES ('1035294', '2026-07-17 17:29:20+00', 23, 'M', 70.5, 175, 23.0, 'Peso adecuado', 'Activo', 'Omnívoro');
INSERT INTO valoraciones_nutricionales (codigo_estudiante, fecha_valoracion, edad, sexo_biologico, peso_kg, talla_cm, imc, clasificacion_minsalud, actividad_fisica, preferencia_dietaria) VALUES ('1035771', '2026-06-20 17:29:20+00', 25, 'M', 70.5, 175, 23.0, 'Peso adecuado', 'Activo', 'Omnívoro');
INSERT INTO valoraciones_nutricionales (codigo_estudiante, fecha_valoracion, edad, sexo_biologico, peso_kg, talla_cm, imc, clasificacion_minsalud, actividad_fisica, preferencia_dietaria) VALUES ('1035942', '2026-07-02 17:29:20+00', 21, 'M', 70.5, 175, 23.0, 'Sobrepeso', 'Activo', 'Omnívoro');
INSERT INTO valoraciones_nutricionales (codigo_estudiante, fecha_valoracion, edad, sexo_biologico, peso_kg, talla_cm, imc, clasificacion_minsalud, actividad_fisica, preferencia_dietaria) VALUES ('1035207', '2026-07-05 17:29:20+00', 19, 'M', 70.5, 175, 23.0, 'Sobrepeso', 'Activo', 'Omnívoro');
INSERT INTO valoraciones_nutricionales (codigo_estudiante, fecha_valoracion, edad, sexo_biologico, peso_kg, talla_cm, imc, clasificacion_minsalud, actividad_fisica, preferencia_dietaria) VALUES ('1035139', '2026-07-09 17:29:20+00', 19, 'M', 70.5, 175, 23.0, 'Peso adecuado', 'Activo', 'Omnívoro');
INSERT INTO valoraciones_nutricionales (codigo_estudiante, fecha_valoracion, edad, sexo_biologico, peso_kg, talla_cm, imc, clasificacion_minsalud, actividad_fisica, preferencia_dietaria) VALUES ('1035193', '2026-07-11 17:29:20+00', 19, 'M', 70.5, 175, 23.0, 'Peso adecuado', 'Activo', 'Omnívoro');
INSERT INTO valoraciones_nutricionales (codigo_estudiante, fecha_valoracion, edad, sexo_biologico, peso_kg, talla_cm, imc, clasificacion_minsalud, actividad_fisica, preferencia_dietaria) VALUES ('1035921', '2026-07-02 17:29:20+00', 23, 'M', 70.5, 175, 23.0, 'Peso adecuado', 'Activo', 'Omnívoro');
INSERT INTO valoraciones_nutricionales (codigo_estudiante, fecha_valoracion, edad, sexo_biologico, peso_kg, talla_cm, imc, clasificacion_minsalud, actividad_fisica, preferencia_dietaria) VALUES ('1035286', '2026-07-07 17:29:20+00', 29, 'M', 70.5, 175, 23.0, 'Peso adecuado', 'Activo', 'Omnívoro');
INSERT INTO valoraciones_nutricionales (codigo_estudiante, fecha_valoracion, edad, sexo_biologico, peso_kg, talla_cm, imc, clasificacion_minsalud, actividad_fisica, preferencia_dietaria) VALUES ('1035924', '2026-07-16 17:29:20+00', 19, 'M', 70.5, 175, 23.0, 'Peso adecuado', 'Activo', 'Omnívoro');
INSERT INTO valoraciones_nutricionales (codigo_estudiante, fecha_valoracion, edad, sexo_biologico, peso_kg, talla_cm, imc, clasificacion_minsalud, actividad_fisica, preferencia_dietaria) VALUES ('1035745', '2026-06-23 17:29:20+00', 23, 'M', 70.5, 175, 23.0, 'Peso adecuado', 'Activo', 'Omnívoro');
INSERT INTO valoraciones_nutricionales (codigo_estudiante, fecha_valoracion, edad, sexo_biologico, peso_kg, talla_cm, imc, clasificacion_minsalud, actividad_fisica, preferencia_dietaria) VALUES ('1035301', '2026-06-28 17:29:20+00', 22, 'M', 70.5, 175, 23.0, 'Peso adecuado', 'Activo', 'Omnívoro');
INSERT INTO valoraciones_nutricionales (codigo_estudiante, fecha_valoracion, edad, sexo_biologico, peso_kg, talla_cm, imc, clasificacion_minsalud, actividad_fisica, preferencia_dietaria) VALUES ('1035543', '2026-06-28 17:29:20+00', 27, 'M', 70.5, 175, 23.0, 'Sobrepeso', 'Activo', 'Omnívoro');
INSERT INTO valoraciones_nutricionales (codigo_estudiante, fecha_valoracion, edad, sexo_biologico, peso_kg, talla_cm, imc, clasificacion_minsalud, actividad_fisica, preferencia_dietaria) VALUES ('1035706', '2026-07-16 17:29:20+00', 30, 'M', 70.5, 175, 23.0, 'Obesidad', 'Activo', 'Omnívoro');
INSERT INTO valoraciones_nutricionales (codigo_estudiante, fecha_valoracion, edad, sexo_biologico, peso_kg, talla_cm, imc, clasificacion_minsalud, actividad_fisica, preferencia_dietaria) VALUES ('1035621', '2026-07-03 17:29:20+00', 28, 'M', 70.5, 175, 23.0, 'Obesidad', 'Activo', 'Omnívoro');
INSERT INTO valoraciones_nutricionales (codigo_estudiante, fecha_valoracion, edad, sexo_biologico, peso_kg, talla_cm, imc, clasificacion_minsalud, actividad_fisica, preferencia_dietaria) VALUES ('1035927', '2026-07-17 17:29:20+00', 26, 'M', 70.5, 175, 23.0, 'Peso adecuado', 'Activo', 'Omnívoro');
INSERT INTO valoraciones_nutricionales (codigo_estudiante, fecha_valoracion, edad, sexo_biologico, peso_kg, talla_cm, imc, clasificacion_minsalud, actividad_fisica, preferencia_dietaria) VALUES ('1035447', '2026-07-08 17:29:20+00', 20, 'M', 70.5, 175, 23.0, 'Obesidad', 'Activo', 'Omnívoro');
INSERT INTO valoraciones_nutricionales (codigo_estudiante, fecha_valoracion, edad, sexo_biologico, peso_kg, talla_cm, imc, clasificacion_minsalud, actividad_fisica, preferencia_dietaria) VALUES ('1035597', '2026-07-18 17:29:20+00', 19, 'M', 70.5, 175, 23.0, 'Peso adecuado', 'Activo', 'Omnívoro');
INSERT INTO valoraciones_nutricionales (codigo_estudiante, fecha_valoracion, edad, sexo_biologico, peso_kg, talla_cm, imc, clasificacion_minsalud, actividad_fisica, preferencia_dietaria) VALUES ('1035483', '2026-07-15 17:29:20+00', 22, 'M', 70.5, 175, 23.0, 'Peso adecuado', 'Activo', 'Omnívoro');
INSERT INTO valoraciones_nutricionales (codigo_estudiante, fecha_valoracion, edad, sexo_biologico, peso_kg, talla_cm, imc, clasificacion_minsalud, actividad_fisica, preferencia_dietaria) VALUES ('1035541', '2026-06-21 17:29:20+00', 19, 'M', 70.5, 175, 23.0, 'Peso adecuado', 'Activo', 'Omnívoro');
INSERT INTO valoraciones_nutricionales (codigo_estudiante, fecha_valoracion, edad, sexo_biologico, peso_kg, talla_cm, imc, clasificacion_minsalud, actividad_fisica, preferencia_dietaria) VALUES ('1035518', '2026-07-10 17:29:20+00', 19, 'M', 70.5, 175, 23.0, 'Peso adecuado', 'Activo', 'Omnívoro');
INSERT INTO valoraciones_nutricionales (codigo_estudiante, fecha_valoracion, edad, sexo_biologico, peso_kg, talla_cm, imc, clasificacion_minsalud, actividad_fisica, preferencia_dietaria) VALUES ('1035398', '2026-07-03 17:29:20+00', 30, 'M', 70.5, 175, 23.0, 'Peso adecuado', 'Activo', 'Omnívoro');
INSERT INTO valoraciones_nutricionales (codigo_estudiante, fecha_valoracion, edad, sexo_biologico, peso_kg, talla_cm, imc, clasificacion_minsalud, actividad_fisica, preferencia_dietaria) VALUES ('1035889', '2026-07-06 17:29:20+00', 27, 'M', 70.5, 175, 23.0, 'Peso adecuado', 'Activo', 'Omnívoro');
INSERT INTO valoraciones_nutricionales (codigo_estudiante, fecha_valoracion, edad, sexo_biologico, peso_kg, talla_cm, imc, clasificacion_minsalud, actividad_fisica, preferencia_dietaria) VALUES ('1035416', '2026-07-14 17:29:20+00', 27, 'M', 70.5, 175, 23.0, 'Peso adecuado', 'Activo', 'Omnívoro');
INSERT INTO valoraciones_nutricionales (codigo_estudiante, fecha_valoracion, edad, sexo_biologico, peso_kg, talla_cm, imc, clasificacion_minsalud, actividad_fisica, preferencia_dietaria) VALUES ('1035795', '2026-06-25 17:29:20+00', 19, 'M', 70.5, 175, 23.0, 'Peso adecuado', 'Activo', 'Omnívoro');
INSERT INTO valoraciones_nutricionales (codigo_estudiante, fecha_valoracion, edad, sexo_biologico, peso_kg, talla_cm, imc, clasificacion_minsalud, actividad_fisica, preferencia_dietaria) VALUES ('1035148', '2026-07-10 17:29:20+00', 21, 'M', 70.5, 175, 23.0, 'Peso adecuado', 'Activo', 'Omnívoro');
INSERT INTO valoraciones_nutricionales (codigo_estudiante, fecha_valoracion, edad, sexo_biologico, peso_kg, talla_cm, imc, clasificacion_minsalud, actividad_fisica, preferencia_dietaria) VALUES ('1035289', '2026-07-06 17:29:20+00', 25, 'M', 70.5, 175, 23.0, 'Sobrepeso', 'Activo', 'Omnívoro');
INSERT INTO valoraciones_nutricionales (codigo_estudiante, fecha_valoracion, edad, sexo_biologico, peso_kg, talla_cm, imc, clasificacion_minsalud, actividad_fisica, preferencia_dietaria) VALUES ('1035511', '2026-06-20 17:29:20+00', 28, 'M', 70.5, 175, 23.0, 'Bajo peso', 'Activo', 'Omnívoro');
INSERT INTO valoraciones_nutricionales (codigo_estudiante, fecha_valoracion, edad, sexo_biologico, peso_kg, talla_cm, imc, clasificacion_minsalud, actividad_fisica, preferencia_dietaria) VALUES ('1035718', '2026-07-14 17:29:20+00', 21, 'M', 70.5, 175, 23.0, 'Obesidad', 'Activo', 'Omnívoro');
INSERT INTO valoraciones_nutricionales (codigo_estudiante, fecha_valoracion, edad, sexo_biologico, peso_kg, talla_cm, imc, clasificacion_minsalud, actividad_fisica, preferencia_dietaria) VALUES ('1035152', '2026-07-20 17:29:20+00', 26, 'M', 70.5, 175, 23.0, 'Bajo peso', 'Activo', 'Omnívoro');
INSERT INTO valoraciones_nutricionales (codigo_estudiante, fecha_valoracion, edad, sexo_biologico, peso_kg, talla_cm, imc, clasificacion_minsalud, actividad_fisica, preferencia_dietaria) VALUES ('1035970', '2026-07-03 17:29:20+00', 26, 'M', 70.5, 175, 23.0, 'Peso adecuado', 'Activo', 'Omnívoro');
INSERT INTO valoraciones_nutricionales (codigo_estudiante, fecha_valoracion, edad, sexo_biologico, peso_kg, talla_cm, imc, clasificacion_minsalud, actividad_fisica, preferencia_dietaria) VALUES ('1035402', '2026-06-23 17:29:20+00', 21, 'M', 70.5, 175, 23.0, 'Sobrepeso', 'Activo', 'Omnívoro');
INSERT INTO valoraciones_nutricionales (codigo_estudiante, fecha_valoracion, edad, sexo_biologico, peso_kg, talla_cm, imc, clasificacion_minsalud, actividad_fisica, preferencia_dietaria) VALUES ('1035611', '2026-07-12 17:29:20+00', 20, 'M', 70.5, 175, 23.0, 'Peso adecuado', 'Activo', 'Omnívoro');
INSERT INTO valoraciones_nutricionales (codigo_estudiante, fecha_valoracion, edad, sexo_biologico, peso_kg, talla_cm, imc, clasificacion_minsalud, actividad_fisica, preferencia_dietaria) VALUES ('1035339', '2026-06-28 17:29:20+00', 27, 'M', 70.5, 175, 23.0, 'Peso adecuado', 'Activo', 'Omnívoro');
INSERT INTO valoraciones_nutricionales (codigo_estudiante, fecha_valoracion, edad, sexo_biologico, peso_kg, talla_cm, imc, clasificacion_minsalud, actividad_fisica, preferencia_dietaria) VALUES ('1035456', '2026-06-30 17:29:20+00', 30, 'M', 70.5, 175, 23.0, 'Peso adecuado', 'Activo', 'Omnívoro');
INSERT INTO valoraciones_nutricionales (codigo_estudiante, fecha_valoracion, edad, sexo_biologico, peso_kg, talla_cm, imc, clasificacion_minsalud, actividad_fisica, preferencia_dietaria) VALUES ('1035890', '2026-06-22 17:29:20+00', 18, 'M', 70.5, 175, 23.0, 'Sobrepeso', 'Activo', 'Omnívoro');
INSERT INTO valoraciones_nutricionales (codigo_estudiante, fecha_valoracion, edad, sexo_biologico, peso_kg, talla_cm, imc, clasificacion_minsalud, actividad_fisica, preferencia_dietaria) VALUES ('1035962', '2026-06-24 17:29:20+00', 30, 'M', 70.5, 175, 23.0, 'Sobrepeso', 'Activo', 'Omnívoro');
INSERT INTO valoraciones_nutricionales (codigo_estudiante, fecha_valoracion, edad, sexo_biologico, peso_kg, talla_cm, imc, clasificacion_minsalud, actividad_fisica, preferencia_dietaria) VALUES ('1035367', '2026-06-22 17:29:20+00', 26, 'M', 70.5, 175, 23.0, 'Peso adecuado', 'Activo', 'Omnívoro');
INSERT INTO valoraciones_nutricionales (codigo_estudiante, fecha_valoracion, edad, sexo_biologico, peso_kg, talla_cm, imc, clasificacion_minsalud, actividad_fisica, preferencia_dietaria) VALUES ('1035640', '2026-07-06 17:29:20+00', 20, 'M', 70.5, 175, 23.0, 'Sobrepeso', 'Activo', 'Omnívoro');
INSERT INTO valoraciones_nutricionales (codigo_estudiante, fecha_valoracion, edad, sexo_biologico, peso_kg, talla_cm, imc, clasificacion_minsalud, actividad_fisica, preferencia_dietaria) VALUES ('1035145', '2026-07-15 17:29:20+00', 21, 'M', 70.5, 175, 23.0, 'Obesidad', 'Activo', 'Omnívoro');
INSERT INTO valoraciones_nutricionales (codigo_estudiante, fecha_valoracion, edad, sexo_biologico, peso_kg, talla_cm, imc, clasificacion_minsalud, actividad_fisica, preferencia_dietaria) VALUES ('1035160', '2026-07-15 17:29:20+00', 17, 'M', 70.5, 175, 23.0, 'Peso adecuado', 'Activo', 'Omnívoro');
INSERT INTO valoraciones_nutricionales (codigo_estudiante, fecha_valoracion, edad, sexo_biologico, peso_kg, talla_cm, imc, clasificacion_minsalud, actividad_fisica, preferencia_dietaria) VALUES ('1035667', '2026-06-28 17:29:20+00', 25, 'M', 70.5, 175, 23.0, 'Sobrepeso', 'Activo', 'Omnívoro');
INSERT INTO valoraciones_nutricionales (codigo_estudiante, fecha_valoracion, edad, sexo_biologico, peso_kg, talla_cm, imc, clasificacion_minsalud, actividad_fisica, preferencia_dietaria) VALUES ('1035101', '2026-06-28 17:29:20+00', 26, 'M', 70.5, 175, 23.0, 'Peso adecuado', 'Activo', 'Omnívoro');
INSERT INTO valoraciones_nutricionales (codigo_estudiante, fecha_valoracion, edad, sexo_biologico, peso_kg, talla_cm, imc, clasificacion_minsalud, actividad_fisica, preferencia_dietaria) VALUES ('1035687', '2026-07-12 17:29:20+00', 30, 'M', 70.5, 175, 23.0, 'Peso adecuado', 'Activo', 'Omnívoro');
INSERT INTO valoraciones_nutricionales (codigo_estudiante, fecha_valoracion, edad, sexo_biologico, peso_kg, talla_cm, imc, clasificacion_minsalud, actividad_fisica, preferencia_dietaria) VALUES ('1035669', '2026-06-24 17:29:20+00', 24, 'M', 70.5, 175, 23.0, 'Bajo peso', 'Activo', 'Omnívoro');
INSERT INTO valoraciones_nutricionales (codigo_estudiante, fecha_valoracion, edad, sexo_biologico, peso_kg, talla_cm, imc, clasificacion_minsalud, actividad_fisica, preferencia_dietaria) VALUES ('1035911', '2026-07-11 17:29:20+00', 20, 'M', 70.5, 175, 23.0, 'Peso adecuado', 'Activo', 'Omnívoro');
INSERT INTO valoraciones_nutricionales (codigo_estudiante, fecha_valoracion, edad, sexo_biologico, peso_kg, talla_cm, imc, clasificacion_minsalud, actividad_fisica, preferencia_dietaria) VALUES ('1035648', '2026-07-11 17:29:20+00', 20, 'M', 70.5, 175, 23.0, 'Obesidad', 'Activo', 'Omnívoro');
INSERT INTO valoraciones_nutricionales (codigo_estudiante, fecha_valoracion, edad, sexo_biologico, peso_kg, talla_cm, imc, clasificacion_minsalud, actividad_fisica, preferencia_dietaria) VALUES ('1035199', '2026-06-30 17:29:20+00', 29, 'M', 70.5, 175, 23.0, 'Bajo peso', 'Activo', 'Omnívoro');
INSERT INTO valoraciones_nutricionales (codigo_estudiante, fecha_valoracion, edad, sexo_biologico, peso_kg, talla_cm, imc, clasificacion_minsalud, actividad_fisica, preferencia_dietaria) VALUES ('1035831', '2026-07-02 17:29:20+00', 18, 'M', 70.5, 175, 23.0, 'Peso adecuado', 'Activo', 'Omnívoro');
INSERT INTO valoraciones_nutricionales (codigo_estudiante, fecha_valoracion, edad, sexo_biologico, peso_kg, talla_cm, imc, clasificacion_minsalud, actividad_fisica, preferencia_dietaria) VALUES ('1035226', '2026-07-19 17:29:20+00', 26, 'M', 70.5, 175, 23.0, 'Sobrepeso', 'Activo', 'Omnívoro');
INSERT INTO valoraciones_nutricionales (codigo_estudiante, fecha_valoracion, edad, sexo_biologico, peso_kg, talla_cm, imc, clasificacion_minsalud, actividad_fisica, preferencia_dietaria) VALUES ('1035598', '2026-06-25 17:29:20+00', 23, 'M', 70.5, 175, 23.0, 'Peso adecuado', 'Activo', 'Omnívoro');
INSERT INTO valoraciones_nutricionales (codigo_estudiante, fecha_valoracion, edad, sexo_biologico, peso_kg, talla_cm, imc, clasificacion_minsalud, actividad_fisica, preferencia_dietaria) VALUES ('1035230', '2026-06-27 17:29:20+00', 18, 'M', 70.5, 175, 23.0, 'Obesidad', 'Activo', 'Omnívoro');
INSERT INTO valoraciones_nutricionales (codigo_estudiante, fecha_valoracion, edad, sexo_biologico, peso_kg, talla_cm, imc, clasificacion_minsalud, actividad_fisica, preferencia_dietaria) VALUES ('1035529', '2026-06-23 17:29:20+00', 30, 'M', 70.5, 175, 23.0, 'Peso adecuado', 'Activo', 'Omnívoro');
INSERT INTO valoraciones_nutricionales (codigo_estudiante, fecha_valoracion, edad, sexo_biologico, peso_kg, talla_cm, imc, clasificacion_minsalud, actividad_fisica, preferencia_dietaria) VALUES ('1035826', '2026-07-20 17:29:20+00', 24, 'M', 70.5, 175, 23.0, 'Obesidad', 'Activo', 'Omnívoro');
INSERT INTO valoraciones_nutricionales (codigo_estudiante, fecha_valoracion, edad, sexo_biologico, peso_kg, talla_cm, imc, clasificacion_minsalud, actividad_fisica, preferencia_dietaria) VALUES ('1035155', '2026-06-30 17:29:20+00', 24, 'M', 70.5, 175, 23.0, 'Peso adecuado', 'Activo', 'Omnívoro');
INSERT INTO valoraciones_nutricionales (codigo_estudiante, fecha_valoracion, edad, sexo_biologico, peso_kg, talla_cm, imc, clasificacion_minsalud, actividad_fisica, preferencia_dietaria) VALUES ('1035479', '2026-07-08 17:29:20+00', 20, 'M', 70.5, 175, 23.0, 'Peso adecuado', 'Activo', 'Omnívoro');
INSERT INTO valoraciones_nutricionales (codigo_estudiante, fecha_valoracion, edad, sexo_biologico, peso_kg, talla_cm, imc, clasificacion_minsalud, actividad_fisica, preferencia_dietaria) VALUES ('1035776', '2026-07-03 17:29:20+00', 22, 'M', 70.5, 175, 23.0, 'Peso adecuado', 'Activo', 'Omnívoro');
INSERT INTO valoraciones_nutricionales (codigo_estudiante, fecha_valoracion, edad, sexo_biologico, peso_kg, talla_cm, imc, clasificacion_minsalud, actividad_fisica, preferencia_dietaria) VALUES ('1035469', '2026-07-10 17:29:20+00', 29, 'M', 70.5, 175, 23.0, 'Sobrepeso', 'Activo', 'Omnívoro');
INSERT INTO valoraciones_nutricionales (codigo_estudiante, fecha_valoracion, edad, sexo_biologico, peso_kg, talla_cm, imc, clasificacion_minsalud, actividad_fisica, preferencia_dietaria) VALUES ('1035799', '2026-07-10 17:29:20+00', 21, 'M', 70.5, 175, 23.0, 'Peso adecuado', 'Activo', 'Omnívoro');
INSERT INTO valoraciones_nutricionales (codigo_estudiante, fecha_valoracion, edad, sexo_biologico, peso_kg, talla_cm, imc, clasificacion_minsalud, actividad_fisica, preferencia_dietaria) VALUES ('1035147', '2026-06-27 17:29:20+00', 18, 'M', 70.5, 175, 23.0, 'Sobrepeso', 'Activo', 'Omnívoro');
INSERT INTO valoraciones_nutricionales (codigo_estudiante, fecha_valoracion, edad, sexo_biologico, peso_kg, talla_cm, imc, clasificacion_minsalud, actividad_fisica, preferencia_dietaria) VALUES ('1035902', '2026-06-28 17:29:20+00', 21, 'M', 70.5, 175, 23.0, 'Bajo peso', 'Activo', 'Omnívoro');
INSERT INTO valoraciones_nutricionales (codigo_estudiante, fecha_valoracion, edad, sexo_biologico, peso_kg, talla_cm, imc, clasificacion_minsalud, actividad_fisica, preferencia_dietaria) VALUES ('1035510', '2026-07-03 17:29:20+00', 18, 'M', 70.5, 175, 23.0, 'Peso adecuado', 'Activo', 'Omnívoro');
INSERT INTO valoraciones_nutricionales (codigo_estudiante, fecha_valoracion, edad, sexo_biologico, peso_kg, talla_cm, imc, clasificacion_minsalud, actividad_fisica, preferencia_dietaria) VALUES ('1035864', '2026-07-02 17:29:20+00', 26, 'M', 70.5, 175, 23.0, 'Peso adecuado', 'Activo', 'Omnívoro');
INSERT INTO valoraciones_nutricionales (codigo_estudiante, fecha_valoracion, edad, sexo_biologico, peso_kg, talla_cm, imc, clasificacion_minsalud, actividad_fisica, preferencia_dietaria) VALUES ('1035973', '2026-06-24 17:29:20+00', 23, 'M', 70.5, 175, 23.0, 'Bajo peso', 'Activo', 'Omnívoro');
INSERT INTO valoraciones_nutricionales (codigo_estudiante, fecha_valoracion, edad, sexo_biologico, peso_kg, talla_cm, imc, clasificacion_minsalud, actividad_fisica, preferencia_dietaria) VALUES ('1035859', '2026-07-02 17:29:20+00', 23, 'M', 70.5, 175, 23.0, 'Peso adecuado', 'Activo', 'Omnívoro');
INSERT INTO valoraciones_nutricionales (codigo_estudiante, fecha_valoracion, edad, sexo_biologico, peso_kg, talla_cm, imc, clasificacion_minsalud, actividad_fisica, preferencia_dietaria) VALUES ('1035945', '2026-07-05 17:29:20+00', 18, 'M', 70.5, 175, 23.0, 'Sobrepeso', 'Activo', 'Omnívoro');
INSERT INTO valoraciones_nutricionales (codigo_estudiante, fecha_valoracion, edad, sexo_biologico, peso_kg, talla_cm, imc, clasificacion_minsalud, actividad_fisica, preferencia_dietaria) VALUES ('1035814', '2026-07-17 17:29:20+00', 22, 'M', 70.5, 175, 23.0, 'Peso adecuado', 'Activo', 'Omnívoro');
INSERT INTO valoraciones_nutricionales (codigo_estudiante, fecha_valoracion, edad, sexo_biologico, peso_kg, talla_cm, imc, clasificacion_minsalud, actividad_fisica, preferencia_dietaria) VALUES ('1035514', '2026-07-15 17:29:20+00', 23, 'M', 70.5, 175, 23.0, 'Peso adecuado', 'Activo', 'Omnívoro');